{
  "avg_addr":293.3333333333333,
  "avg_data":2514200959.0,
  "avg_type":0.6666666666666666,
  "cacheSize":128,
  "clw":64,
  "failed":true,
  "test":15,
  "testComplexity":2514201253.0,
  "timeOut":false,
  "trans":3
}