{
  "avg_addr":798.4406779661017,
  "avg_data":2147550684.254237,
  "avg_type":0.5423728813559322,
  "cacheSize":256,
  "clw":64,
  "failed":true,
  "test":786,
  "testComplexity":2147551483.237288,
  "timeOut":false,
  "trans":56
}