{
  "avg_addr":762.1621621621622,
  "avg_data":2062088511.9594595,
  "avg_type":0.4864864864864865,
  "cacheSize":256,
  "clw":64,
  "failed":true,
  "test":864,
  "testComplexity":2062089274.608108,
  "timeOut":false,
  "trans":53
}