{
  "avg_addr":1376.0,
  "avg_data":3257027856.0,
  "avg_type":0.6666666666666666,
  "cacheSize":128,
  "clw":64,
  "failed":true,
  "test":15,
  "testComplexity":3257029232.6666665,
  "timeOut":false,
  "trans":2
}