{
  "avg_addr":631.3333333333334,
  "avg_data":2607853692.8333335,
  "avg_type":0.6666666666666666,
  "cacheSize":128,
  "clw":64,
  "failed":true,
  "test":27,
  "testComplexity":2607854324.8333335,
  "timeOut":false,
  "trans":6
}