{
  "avg_addr":360.0,
  "avg_data":2463001062.5,
  "avg_type":0.16666666666666666,
  "cacheSize":128,
  "clw":64,
  "failed":true,
  "test":27,
  "testComplexity":2463001422.6666665,
  "timeOut":false,
  "trans":4
}