{
  "avg_addr":553.8181818181819,
  "avg_data":2020294020.0,
  "avg_type":0.36363636363636365,
  "cacheSize":128,
  "clw":64,
  "failed":true,
  "test":52,
  "testComplexity":2020294574.1818182,
  "timeOut":false,
  "trans":7
}