{
  "avg_addr":875.4285714285714,
  "avg_data":2182157388.571429,
  "avg_type":0.2857142857142857,
  "cacheSize":128,
  "clw":64,
  "failed":true,
  "test":31,
  "testComplexity":2182158264.285714,
  "timeOut":false,
  "trans":6
}