{
  "avg_addr":962.0,
  "avg_data":2216541927.6666665,
  "avg_type":0.16666666666666666,
  "cacheSize":128,
  "clw":64,
  "failed":true,
  "test":30,
  "testComplexity":2216542889.8333335,
  "timeOut":false,
  "trans":2
}