{
  "avg_addr":696.5714285714286,
  "avg_data":2562347132.142857,
  "avg_type":0.5714285714285714,
  "cacheSize":128,
  "clw":64,
  "failed":true,
  "test":34,
  "testComplexity":2562347829.285714,
  "timeOut":false,
  "trans":6
}