{
  "avg_addr":683.6363636363636,
  "avg_data":2028981949.8181818,
  "avg_type":0.5454545454545454,
  "cacheSize":128,
  "clw":64,
  "failed":true,
  "test":55,
  "testComplexity":2028982634.0,
  "timeOut":false,
  "trans":11
}