{
  "avg_addr":854.9333333333333,
  "avg_data":1871429960.4,
  "avg_type":0.6,
  "cacheSize":128,
  "clw":64,
  "failed":true,
  "test":75,
  "testComplexity":1871430815.9333334,
  "timeOut":false,
  "trans":8
}