{
  "avg_addr":764.5333333333333,
  "avg_data":1853400044.6666667,
  "avg_type":0.4,
  "cacheSize":128,
  "clw":64,
  "failed":true,
  "test":74,
  "testComplexity":1853400809.6,
  "timeOut":false,
  "trans":14
}