{
  "avg_addr":934.8235294117648,
  "avg_data":1989551552.4117646,
  "avg_type":0.35294117647058826,
  "cacheSize":128,
  "clw":64,
  "failed":true,
  "test":83,
  "testComplexity":1989552487.5882354,
  "timeOut":false,
  "trans":10
}