{
  "avg_addr":897.795918367347,
  "avg_data":2044704143.877551,
  "avg_type":0.5306122448979592,
  "cacheSize":128,
  "clw":64,
  "failed":true,
  "test":242,
  "testComplexity":2044705042.2040815,
  "timeOut":false,
  "trans":17
}