{
  "avg_addr":779.2413793103449,
  "avg_data":2421696947.0689654,
  "avg_type":0.5862068965517241,
  "cacheSize":128,
  "clw":64,
  "failed":true,
  "test":289,
  "testComplexity":2421697726.8965516,
  "timeOut":false,
  "trans":50
}