{
  "avg_addr":806.4927536231884,
  "avg_data":2190581477.6811595,
  "avg_type":0.5942028985507246,
  "cacheSize":128,
  "clw":64,
  "failed":true,
  "test":345,
  "testComplexity":2190582284.768116,
  "timeOut":false,
  "trans":69
}