{
  "avg_addr":878.1052631578947,
  "avg_data":2364195443.3421054,
  "avg_type":0.5263157894736842,
  "cacheSize":128,
  "clw":64,
  "failed":true,
  "test":187,
  "testComplexity":2364196321.9736843,
  "timeOut":false,
  "trans":31
}