{
  "avg_addr":793.7222222222222,
  "avg_data":2325817084.4027777,
  "avg_type":0.5138888888888888,
  "cacheSize":128,
  "clw":64,
  "failed":true,
  "test":359,
  "testComplexity":2325817878.638889,
  "timeOut":false,
  "trans":34
}