{
  "avg_addr":618.6666666666666,
  "avg_data":429072020.3333333,
  "avg_type":0.3333333333333333,
  "cacheSize":128,
  "clw":64,
  "failed":true,
  "test":14,
  "testComplexity":429072639.3333333,
  "timeOut":false,
  "trans":3
}