{
  "avg_addr":776.6046511627907,
  "avg_data":2131524900.1162791,
  "avg_type":0.5813953488372093,
  "cacheSize":4096,
  "clw":128,
  "failed":true,
  "test":30,
  "testComplexity":2131525677.3023255,
  "timeOut":false,
  "trans":59
}