{
  "avg_addr":816.0833333333334,
  "avg_data":2219702881.1145835,
  "avg_type":0.4895833333333333,
  "cacheSize":4096,
  "clw":512,
  "failed":true,
  "test":22,
  "testComplexity":2219703697.6875,
  "timeOut":false,
  "trans":24
}