{
  "avg_addr":839.4074074074074,
  "avg_data":2499912545.4444447,
  "avg_type":0.5185185185185185,
  "cacheSize":512,
  "clw":256,
  "failed":true,
  "test":1,
  "testComplexity":2499913385.3703704,
  "timeOut":false,
  "trans":1
}