{
  "avg_addr":882.7692307692307,
  "avg_data":2171353179.1538463,
  "avg_type":0.6153846153846154,
  "cacheSize":512,
  "clw":64,
  "failed":true,
  "test":1,
  "testComplexity":2171354062.5384617,
  "timeOut":false,
  "trans":0
}