{
  "avg_addr":759.3684210526316,
  "avg_data":2137792311.5526316,
  "avg_type":0.40789473684210525,
  "cacheSize":4096,
  "clw":512,
  "failed":true,
  "test":53,
  "testComplexity":2137793071.3289473,
  "timeOut":false,
  "trans":63
}