{
  "avg_addr":853.3076923076923,
  "avg_data":2346644775.4038463,
  "avg_type":0.5384615384615384,
  "cacheSize":1024,
  "clw":64,
  "failed":true,
  "test":40,
  "testComplexity":2346645629.25,
  "timeOut":false,
  "trans":45
}