{
  "avg_addr":761.8181818181819,
  "avg_data":2151637665.8636365,
  "avg_type":0.5227272727272727,
  "cacheSize":4096,
  "clw":512,
  "failed":true,
  "test":1,
  "testComplexity":2151638428.2045455,
  "timeOut":false,
  "trans":8
}