{
  "avg_addr":801.6666666666666,
  "avg_data":2262424691.797619,
  "avg_type":0.44047619047619047,
  "cacheSize":8192,
  "clw":256,
  "failed":true,
  "test":74,
  "testComplexity":2262425493.904762,
  "timeOut":false,
  "trans":83
}