{
  "avg_addr":909.2631578947369,
  "avg_data":2104359228.7368422,
  "avg_type":0.5263157894736842,
  "cacheSize":4096,
  "clw":1024,
  "failed":true,
  "test":1,
  "testComplexity":2104360138.5263157,
  "timeOut":false,
  "trans":1
}