{
  "avg_addr":882.5853658536586,
  "avg_data":2192845250.756098,
  "avg_type":0.43902439024390244,
  "cacheSize":2048,
  "clw":256,
  "failed":true,
  "test":1,
  "testComplexity":2192846133.780488,
  "timeOut":false,
  "trans":10
}