{
  "avg_addr":845.5111111111111,
  "avg_data":2363645329.0666666,
  "avg_type":0.5666666666666667,
  "cacheSize":2048,
  "clw":1024,
  "failed":true,
  "test":1,
  "testComplexity":2363646175.1444445,
  "timeOut":false,
  "trans":0
}