{
  "avg_addr":807.2727272727273,
  "avg_data":1957573796.8030303,
  "avg_type":0.45454545454545453,
  "cacheSize":2048,
  "clw":64,
  "failed":true,
  "test":2,
  "testComplexity":1957574604.530303,
  "timeOut":false,
  "trans":65
}