{
  "avg_addr":832.6666666666666,
  "avg_data":2395736149.375,
  "avg_type":0.625,
  "cacheSize":1024,
  "clw":512,
  "failed":true,
  "test":1,
  "testComplexity":2395736982.6666665,
  "timeOut":false,
  "trans":14
}