{
  "avg_addr":839.4285714285714,
  "avg_data":2165653681.065934,
  "avg_type":0.5164835164835165,
  "cacheSize":512,
  "clw":128,
  "failed":true,
  "test":10,
  "testComplexity":2165654521.010989,
  "timeOut":false,
  "trans":66
}