{
  "avg_addr":653.4545454545455,
  "avg_data":2153667869.490909,
  "avg_type":0.45454545454545453,
  "cacheSize":4096,
  "clw":256,
  "failed":true,
  "test":1,
  "testComplexity":2153668523.4,
  "timeOut":false,
  "trans":1
}