{
  "avg_addr":734.6666666666666,
  "avg_data":2798522219.111111,
  "avg_type":0.7777777777777778,
  "cacheSize":131072,
  "clw":1024,
  "failed":true,
  "test":1,
  "testComplexity":2798522954.5555553,
  "timeOut":false,
  "trans":1
}