{
  "avg_addr":782.9803921568628,
  "avg_data":2280534923.2156863,
  "avg_type":0.49019607843137253,
  "cacheSize":512,
  "clw":256,
  "failed":true,
  "test":2,
  "testComplexity":2280535706.6862745,
  "timeOut":false,
  "trans":3
}