{
  "avg_addr":837.9368421052632,
  "avg_data":2324189507.4210525,
  "avg_type":0.5157894736842106,
  "cacheSize":4096,
  "clw":128,
  "failed":true,
  "test":5,
  "testComplexity":2324190345.8736844,
  "timeOut":false,
  "trans":17
}