{
  "avg_addr":855.6521739130435,
  "avg_data":2002494865.2608695,
  "avg_type":0.6521739130434783,
  "cacheSize":2048,
  "clw":1024,
  "failed":true,
  "test":1,
  "testComplexity":2002495721.5652175,
  "timeOut":false,
  "trans":1
}