{
  "avg_addr":793.6666666666666,
  "avg_data":1847820165.1666667,
  "avg_type":0.6666666666666666,
  "cacheSize":4096,
  "clw":512,
  "failed":true,
  "test":1,
  "testComplexity":1847820959.5,
  "timeOut":false,
  "trans":7
}