{
  "avg_addr":795.6818181818181,
  "avg_data":1915008316.840909,
  "avg_type":0.5113636363636364,
  "cacheSize":1024,
  "clw":128,
  "failed":true,
  "test":42,
  "testComplexity":1915009113.034091,
  "timeOut":false,
  "trans":59
}