{
  "avg_addr":768.1777777777778,
  "avg_data":1978505105.288889,
  "avg_type":0.4666666666666667,
  "cacheSize":2048,
  "clw":1024,
  "failed":true,
  "test":1,
  "testComplexity":1978505873.9333334,
  "timeOut":false,
  "trans":2
}