{
  "avg_addr":709.0,
  "avg_data":2106593691.9807692,
  "avg_type":0.5769230769230769,
  "cacheSize":1024,
  "clw":128,
  "failed":true,
  "test":1,
  "testComplexity":2106594401.5576923,
  "timeOut":false,
  "trans":14
}