{
  "avg_addr":668.0,
  "avg_data":1497391739.090909,
  "avg_type":0.5454545454545454,
  "cacheSize":32768,
  "clw":1024,
  "failed":true,
  "test":1,
  "testComplexity":1497392407.6363637,
  "timeOut":false,
  "trans":1
}