{
  "avg_addr":764.8,
  "avg_data":2113337247.2285714,
  "avg_type":0.45714285714285713,
  "cacheSize":128,
  "clw":64,
  "failed":true,
  "test":172,
  "testComplexity":2113338012.4857142,
  "timeOut":false,
  "trans":35
}