{
  "avg_addr":745.9565217391304,
  "avg_data":2146845714.3043478,
  "avg_type":0.4782608695652174,
  "cacheSize":128,
  "clw":64,
  "failed":true,
  "test":456,
  "testComplexity":2146846460.7391305,
  "timeOut":false,
  "trans":60
}