{
  "avg_addr":804.0,
  "avg_data":2308499693.3333335,
  "avg_type":0.6666666666666666,
  "cacheSize":128,
  "clw":64,
  "failed":true,
  "test":11,
  "testComplexity":2308500498.0,
  "timeOut":false,
  "trans":2
}