{
  "avg_addr":728.8888888888889,
  "avg_data":2151749350.037037,
  "avg_type":0.46296296296296297,
  "cacheSize":128,
  "clw":64,
  "failed":true,
  "test":268,
  "testComplexity":2151750079.388889,
  "timeOut":false,
  "trans":37
}