{
  "avg_addr":744.0,
  "avg_data":2271033274.923077,
  "avg_type":0.6923076923076923,
  "cacheSize":128,
  "clw":64,
  "failed":true,
  "test":61,
  "testComplexity":2271034019.6153846,
  "timeOut":false,
  "trans":13
}