{
  "avg_addr":795.0243902439024,
  "avg_data":2187594735.609756,
  "avg_type":0.43902439024390244,
  "cacheSize":128,
  "clw":64,
  "failed":true,
  "test":205,
  "testComplexity":2187595531.0731707,
  "timeOut":false,
  "trans":28
}