{
  "avg_addr":833.5384615384615,
  "avg_data":2307653441.4615383,
  "avg_type":0.46153846153846156,
  "cacheSize":128,
  "clw":64,
  "failed":true,
  "test":63,
  "testComplexity":2307654275.4615383,
  "timeOut":false,
  "trans":13
}