{
  "avg_addr":1138.0,
  "avg_data":2611106045.5,
  "avg_type":0.16666666666666666,
  "cacheSize":128,
  "clw":64,
  "failed":true,
  "test":27,
  "testComplexity":2611107183.6666665,
  "timeOut":false,
  "trans":6
}