{
  "avg_addr":829.4285714285714,
  "avg_data":2149211127.553571,
  "avg_type":0.4642857142857143,
  "cacheSize":128,
  "clw":64,
  "failed":true,
  "test":279,
  "testComplexity":2149211957.446429,
  "timeOut":false,
  "trans":51
}