{
  "avg_addr":764.4,
  "avg_data":2304366725.8,
  "avg_type":0.43333333333333335,
  "cacheSize":128,
  "clw":64,
  "failed":true,
  "test":147,
  "testComplexity":2304367490.633333,
  "timeOut":false,
  "trans":10
}