{
  "avg_addr":790.9090909090909,
  "avg_data":1776285277.909091,
  "avg_type":0.2727272727272727,
  "cacheSize":128,
  "clw":64,
  "failed":true,
  "test":54,
  "testComplexity":1776286069.090909,
  "timeOut":false,
  "trans":7
}