{
  "avg_addr":917.0909090909091,
  "avg_data":2351011127.1363635,
  "avg_type":0.5,
  "cacheSize":128,
  "clw":64,
  "failed":true,
  "test":106,
  "testComplexity":2351012044.7272725,
  "timeOut":false,
  "trans":21
}