{
  "avg_addr":781.3061224489796,
  "avg_data":2335502442.571429,
  "avg_type":0.5714285714285714,
  "cacheSize":256,
  "clw":64,
  "failed":true,
  "test":740,
  "testComplexity":2335503224.4489794,
  "timeOut":false,
  "trans":26
}