{
  "avg_addr":827.8840579710145,
  "avg_data":2317419727.710145,
  "avg_type":0.5217391304347826,
  "cacheSize":128,
  "clw":64,
  "failed":true,
  "test":345,
  "testComplexity":2317420556.115942,
  "timeOut":false,
  "trans":48
}