{
  "avg_addr":783.9230769230769,
  "avg_data":2307140005.769231,
  "avg_type":0.46153846153846156,
  "cacheSize":128,
  "clw":64,
  "failed":true,
  "test":258,
  "testComplexity":2307140790.1538463,
  "timeOut":false,
  "trans":42
}