{
  "avg_addr":856.2857142857143,
  "avg_data":2166245961.714286,
  "avg_type":0.5357142857142857,
  "cacheSize":128,
  "clw":64,
  "failed":true,
  "test":139,
  "testComplexity":2166246818.535714,
  "timeOut":false,
  "trans":27
}