{
  "avg_addr":746.3272727272728,
  "avg_data":2031932907.8363636,
  "avg_type":0.34545454545454546,
  "cacheSize":128,
  "clw":64,
  "failed":true,
  "test":274,
  "testComplexity":2031933654.509091,
  "timeOut":false,
  "trans":41
}