{
  "avg_addr":513.3333333333334,
  "avg_data":2429219208.0,
  "avg_type":0.6666666666666666,
  "cacheSize":128,
  "clw":64,
  "failed":true,
  "test":11,
  "testComplexity":2429219722.0,
  "timeOut":false,
  "trans":3
}