{
  "avg_addr":799.8333333333334,
  "avg_data":2149997284.7083335,
  "avg_type":0.6041666666666666,
  "cacheSize":16384,
  "clw":1024,
  "failed":true,
  "test":1,
  "testComplexity":2149998085.1458335,
  "timeOut":false,
  "trans":9
}