{
  "avg_addr":771.4782608695652,
  "avg_data":2281559835.7391305,
  "avg_type":0.43478260869565216,
  "cacheSize":512,
  "clw":128,
  "failed":true,
  "test":1,
  "testComplexity":2281560607.652174,
  "timeOut":false,
  "trans":1
}