{
  "avg_addr":815.2857142857143,
  "avg_data":2387584612.125,
  "avg_type":0.5,
  "cacheSize":131072,
  "clw":1024,
  "failed":true,
  "test":1,
  "testComplexity":2387585427.910714,
  "timeOut":false,
  "trans":6
}