{
  "avg_addr":766.0,
  "avg_data":2252039528.681818,
  "avg_type":0.5,
  "cacheSize":512,
  "clw":64,
  "failed":true,
  "test":1,
  "testComplexity":2252040295.181818,
  "timeOut":false,
  "trans":0
}