{
  "avg_addr":872.3440860215054,
  "avg_data":2153669316.5698924,
  "avg_type":0.5913978494623656,
  "cacheSize":2048,
  "clw":512,
  "failed":true,
  "test":3,
  "testComplexity":2153670189.5053763,
  "timeOut":false,
  "trans":4
}