{
  "avg_addr":782.6666666666666,
  "avg_data":2070400298.25,
  "avg_type":0.5694444444444444,
  "cacheSize":16384,
  "clw":256,
  "failed":true,
  "test":1,
  "testComplexity":2070401081.4861112,
  "timeOut":false,
  "trans":1
}