{
  "avg_addr":813.9672131147541,
  "avg_data":2266916601.0655737,
  "avg_type":0.5081967213114754,
  "cacheSize":4096,
  "clw":512,
  "failed":true,
  "test":4,
  "testComplexity":2266917415.5409837,
  "timeOut":false,
  "trans":59
}