{
  "avg_addr":784.6117647058824,
  "avg_data":2027882528.1529412,
  "avg_type":0.43529411764705883,
  "cacheSize":2048,
  "clw":1024,
  "failed":true,
  "test":1,
  "testComplexity":2027883313.2,
  "timeOut":false,
  "trans":3
}