{
  "avg_addr":788.2285714285714,
  "avg_data":1872547442.2428572,
  "avg_type":0.4714285714285714,
  "cacheSize":4096,
  "clw":512,
  "failed":true,
  "test":45,
  "testComplexity":1872548230.942857,
  "timeOut":false,
  "trans":51
}