{
  "avg_addr":818.9152542372881,
  "avg_data":2344942374.881356,
  "avg_type":0.5932203389830508,
  "cacheSize":1024,
  "clw":128,
  "failed":true,
  "test":1,
  "testComplexity":2344943194.3898306,
  "timeOut":false,
  "trans":1
}