{
  "avg_addr":840.8,
  "avg_data":1885457741.8222222,
  "avg_type":0.5333333333333333,
  "cacheSize":16384,
  "clw":256,
  "failed":true,
  "test":1,
  "testComplexity":1885458583.1555555,
  "timeOut":false,
  "trans":4
}