{
  "avg_addr":622.074074074074,
  "avg_data":2025295793.8888888,
  "avg_type":0.4074074074074074,
  "cacheSize":512,
  "clw":128,
  "failed":true,
  "test":1,
  "testComplexity":2025296416.3703704,
  "timeOut":false,
  "trans":1
}