{
  "avg_addr":797.2903225806451,
  "avg_data":1961214778.967742,
  "avg_type":0.4838709677419355,
  "cacheSize":2048,
  "clw":1024,
  "failed":true,
  "test":1,
  "testComplexity":1961215576.7419355,
  "timeOut":false,
  "trans":0
}