{
  "avg_addr":761.3333333333334,
  "avg_data":3414198731.6666665,
  "avg_type":0.6666666666666666,
  "cacheSize":32768,
  "clw":256,
  "failed":true,
  "test":1,
  "testComplexity":3414199493.6666665,
  "timeOut":false,
  "trans":1
}