{
  "avg_addr":826.752688172043,
  "avg_data":2034684054.9247313,
  "avg_type":0.4731182795698925,
  "cacheSize":8192,
  "clw":1024,
  "failed":true,
  "test":27,
  "testComplexity":2034684882.1505377,
  "timeOut":false,
  "trans":78
}