{
  "avg_addr":765.4736842105264,
  "avg_data":2221579247.8315787,
  "avg_type":0.4421052631578947,
  "cacheSize":8192,
  "clw":1024,
  "failed":true,
  "test":15,
  "testComplexity":2221580013.7473683,
  "timeOut":false,
  "trans":75
}