{
  "avg_addr":780.375,
  "avg_data":1963983467.4479167,
  "avg_type":0.3645833333333333,
  "cacheSize":2048,
  "clw":512,
  "failed":true,
  "test":14,
  "testComplexity":1963984248.1875,
  "timeOut":false,
  "trans":80
}