{
  "avg_addr":802.4285714285714,
  "avg_data":2010223843.7857144,
  "avg_type":0.5714285714285714,
  "cacheSize":8192,
  "clw":128,
  "failed":true,
  "test":73,
  "testComplexity":2010224646.7857144,
  "timeOut":false,
  "trans":48
}