{
  "avg_addr":682.1025641025641,
  "avg_data":1965580674.2948718,
  "avg_type":0.6153846153846154,
  "cacheSize":256,
  "clw":128,
  "failed":true,
  "test":2,
  "testComplexity":1965581357.0128205,
  "timeOut":false,
  "trans":38
}