{
  "avg_addr":913.7142857142857,
  "avg_data":1425714288.4285715,
  "avg_type":0.2857142857142857,
  "cacheSize":131072,
  "clw":1024,
  "failed":true,
  "test":1,
  "testComplexity":1425715202.4285715,
  "timeOut":false,
  "trans":2
}