{
  "avg_addr":763.7916666666666,
  "avg_data":2155751006.1041665,
  "avg_type":0.53125,
  "cacheSize":1024,
  "clw":64,
  "failed":true,
  "test":95,
  "testComplexity":2155751770.4270835,
  "timeOut":false,
  "trans":50
}