{
  "avg_addr":788.7368421052631,
  "avg_data":2430197621.1842103,
  "avg_type":0.5131578947368421,
  "cacheSize":512,
  "clw":64,
  "failed":true,
  "test":1,
  "testComplexity":2430198410.4342103,
  "timeOut":false,
  "trans":1
}