{
  "avg_addr":726.8148148148148,
  "avg_data":2038013494.5185184,
  "avg_type":0.4444444444444444,
  "cacheSize":512,
  "clw":256,
  "failed":true,
  "test":1,
  "testComplexity":2038014221.7777777,
  "timeOut":false,
  "trans":1
}