{
  "avg_addr":771.0285714285715,
  "avg_data":2221555100.785714,
  "avg_type":0.5142857142857142,
  "cacheSize":1024,
  "clw":512,
  "failed":true,
  "test":1,
  "testComplexity":2221555872.3285713,
  "timeOut":false,
  "trans":0
}