{
  "avg_addr":993.4285714285714,
  "avg_data":2018223445.5,
  "avg_type":0.6428571428571429,
  "cacheSize":512,
  "clw":256,
  "failed":false,
  "test":150,
  "testComplexity":2018224439.5714285,
  "timeOut":false,
  "trans":14
}