{
  "avg_addr":845.6410256410256,
  "avg_data":2477002865.8717947,
  "avg_type":0.6666666666666666,
  "cacheSize":16384,
  "clw":128,
  "failed":true,
  "test":1,
  "testComplexity":2477003712.179487,
  "timeOut":false,
  "trans":0
}