{
  "avg_addr":821.2222222222222,
  "avg_data":2237977863.361111,
  "avg_type":0.4583333333333333,
  "cacheSize":4096,
  "clw":128,
  "failed":true,
  "test":6,
  "testComplexity":2237978685.0416665,
  "timeOut":false,
  "trans":69
}