{
  "avg_addr":1128.6666666666667,
  "avg_data":2101038336.3333333,
  "avg_type":0.16666666666666666,
  "cacheSize":128,
  "clw":64,
  "failed":true,
  "test":30,
  "testComplexity":2101039465.1666667,
  "timeOut":false,
  "trans":5
}