{
  "avg_addr":653.4285714285714,
  "avg_data":1739757594.4285715,
  "avg_type":0.2857142857142857,
  "cacheSize":128,
  "clw":64,
  "failed":true,
  "test":68,
  "testComplexity":1739758248.142857,
  "timeOut":false,
  "trans":14
}