{
  "avg_addr":627.4285714285714,
  "avg_data":1782251477.7142856,
  "avg_type":0.5714285714285714,
  "cacheSize":128,
  "clw":64,
  "failed":true,
  "test":33,
  "testComplexity":1782252105.7142856,
  "timeOut":false,
  "trans":6
}