{
  "avg_addr":728.0,
  "avg_data":2466334964.0,
  "avg_type":0.3333333333333333,
  "cacheSize":128,
  "clw":64,
  "failed":true,
  "test":26,
  "testComplexity":2466335692.3333335,
  "timeOut":false,
  "trans":6
}