{
  "avg_addr":808.8421052631579,
  "avg_data":2247309410.0526314,
  "avg_type":0.47368421052631576,
  "cacheSize":128,
  "clw":64,
  "failed":true,
  "test":95,
  "testComplexity":2247310219.368421,
  "timeOut":false,
  "trans":3
}