{
  "avg_addr":906.9032258064516,
  "avg_data":1960060209.112903,
  "avg_type":0.5967741935483871,
  "cacheSize":128,
  "clw":64,
  "failed":true,
  "test":306,
  "testComplexity":1960061116.612903,
  "timeOut":false,
  "trans":22
}