{
  "avg_addr":775.7142857142857,
  "avg_data":2749088106.785714,
  "avg_type":0.5714285714285714,
  "cacheSize":128,
  "clw":64,
  "failed":true,
  "test":66,
  "testComplexity":2749088883.071429,
  "timeOut":false,
  "trans":14
}