{
  "avg_addr":891.0769230769231,
  "avg_data":1913332738.6153846,
  "avg_type":0.4230769230769231,
  "cacheSize":128,
  "clw":64,
  "failed":true,
  "test":128,
  "testComplexity":1913333630.1153846,
  "timeOut":false,
  "trans":12
}