{
  "avg_addr":700.0,
  "avg_data":2283489739.3076925,
  "avg_type":0.46153846153846156,
  "cacheSize":128,
  "clw":64,
  "failed":true,
  "test":63,
  "testComplexity":2283490439.769231,
  "timeOut":false,
  "trans":3
}