{
  "avg_addr":394.2857142857143,
  "avg_data":1712362064.2857144,
  "avg_type":0.2857142857142857,
  "cacheSize":128,
  "clw":64,
  "failed":true,
  "test":31,
  "testComplexity":1712362458.857143,
  "timeOut":false,
  "trans":5
}