{
  "avg_addr":672.8,
  "avg_data":2339615949.3333335,
  "avg_type":0.26666666666666666,
  "cacheSize":128,
  "clw":64,
  "failed":true,
  "test":73,
  "testComplexity":2339616622.4,
  "timeOut":false,
  "trans":13
}