{
  "avg_addr":1148.0,
  "avg_data":3148009565.3333335,
  "avg_type":0.6666666666666666,
  "cacheSize":128,
  "clw":64,
  "failed":true,
  "test":11,
  "testComplexity":3148010714.0,
  "timeOut":false,
  "trans":2
}