{
  "avg_addr":928.0,
  "avg_data":2418176758.3333335,
  "avg_type":0.6666666666666666,
  "cacheSize":128,
  "clw":64,
  "failed":true,
  "test":12,
  "testComplexity":2418177687.0,
  "timeOut":false,
  "trans":3
}