{
  "avg_addr":808.1304347826087,
  "avg_data":2234268386.478261,
  "avg_type":0.5978260869565217,
  "cacheSize":4096,
  "clw":512,
  "failed":true,
  "test":37,
  "testComplexity":2234269195.2065215,
  "timeOut":false,
  "trans":91
}