{
  "avg_addr":752.9684210526316,
  "avg_data":2408220081.073684,
  "avg_type":0.49473684210526314,
  "cacheSize":512,
  "clw":128,
  "failed":true,
  "test":45,
  "testComplexity":2408220834.536842,
  "timeOut":false,
  "trans":76
}