{
  "avg_addr":795.8350515463917,
  "avg_data":2167456112.9484534,
  "avg_type":0.4742268041237113,
  "cacheSize":2048,
  "clw":64,
  "failed":true,
  "test":5,
  "testComplexity":2167456909.257732,
  "timeOut":false,
  "trans":85
}