{
  "avg_addr":813.1162790697674,
  "avg_data":2200215686.162791,
  "avg_type":0.5116279069767442,
  "cacheSize":2048,
  "clw":256,
  "failed":true,
  "test":28,
  "testComplexity":2200216499.7906976,
  "timeOut":false,
  "trans":17
}