{
  "avg_addr":708.3913043478261,
  "avg_data":2150691080.5869565,
  "avg_type":0.5108695652173914,
  "cacheSize":4096,
  "clw":1024,
  "failed":true,
  "test":36,
  "testComplexity":2150691789.4891305,
  "timeOut":false,
  "trans":81
}