{
  "avg_addr":749.2244897959183,
  "avg_data":2133466035.9285715,
  "avg_type":0.5306122448979592,
  "cacheSize":1024,
  "clw":512,
  "failed":true,
  "test":5,
  "testComplexity":2133466785.6836734,
  "timeOut":false,
  "trans":44
}