{
  "avg_addr":780.4155844155844,
  "avg_data":2305501740.805195,
  "avg_type":0.44155844155844154,
  "cacheSize":4096,
  "clw":128,
  "failed":true,
  "test":27,
  "testComplexity":2305502521.662338,
  "timeOut":false,
  "trans":71
}