{
  "avg_addr":755.7538461538461,
  "avg_data":2068982274.2923076,
  "avg_type":0.4,
  "cacheSize":2048,
  "clw":512,
  "failed":true,
  "test":1,
  "testComplexity":2068983030.4461539,
  "timeOut":false,
  "trans":56
}