{
  "avg_addr":720.9156626506024,
  "avg_data":2041192799.4939759,
  "avg_type":0.5060240963855421,
  "cacheSize":4096,
  "clw":512,
  "failed":true,
  "test":33,
  "testComplexity":2041193520.9156628,
  "timeOut":false,
  "trans":74
}