{
  "avg_addr":878.8780487804878,
  "avg_data":1949874136.609756,
  "avg_type":0.5121951219512195,
  "cacheSize":4096,
  "clw":256,
  "failed":true,
  "test":49,
  "testComplexity":1949875016.0,
  "timeOut":false,
  "trans":58
}