{
  "avg_addr":760.6341463414634,
  "avg_data":2206027541.292683,
  "avg_type":0.45121951219512196,
  "cacheSize":1024,
  "clw":256,
  "failed":true,
  "test":56,
  "testComplexity":2206028302.378049,
  "timeOut":false,
  "trans":49
}