{
  "avg_addr":896.9876543209876,
  "avg_data":1855298090.9876542,
  "avg_type":0.5679012345679012,
  "cacheSize":1024,
  "clw":512,
  "failed":true,
  "test":2,
  "testComplexity":1855298988.5432098,
  "timeOut":false,
  "trans":74
}