{
  "avg_addr":851.3658536585366,
  "avg_data":2259301488.780488,
  "avg_type":0.5121951219512195,
  "cacheSize":4096,
  "clw":256,
  "failed":true,
  "test":11,
  "testComplexity":2259302340.6585364,
  "timeOut":false,
  "trans":52
}