{
  "avg_addr":854.6086956521739,
  "avg_data":2484423000.9565215,
  "avg_type":0.4782608695652174,
  "cacheSize":512,
  "clw":128,
  "failed":false,
  "test":100,
  "testComplexity":2484423856.0434785,
  "timeOut":false,
  "trans":23
}