{
  "avg_addr":771.4942528735633,
  "avg_data":2387958798.1264367,
  "avg_type":0.4827586206896552,
  "cacheSize":4096,
  "clw":1024,
  "failed":true,
  "test":15,
  "testComplexity":2387959570.1034484,
  "timeOut":false,
  "trans":70
}