{
  "avg_addr":738.2857142857143,
  "avg_data":1851311446.0535715,
  "avg_type":0.48214285714285715,
  "cacheSize":4096,
  "clw":512,
  "failed":true,
  "test":37,
  "testComplexity":1851312184.8214285,
  "timeOut":false,
  "trans":52
}