{
  "avg_addr":742.2686567164179,
  "avg_data":2107606359.7313433,
  "avg_type":0.417910447761194,
  "cacheSize":4096,
  "clw":256,
  "failed":true,
  "test":12,
  "testComplexity":2107607102.4179103,
  "timeOut":false,
  "trans":61
}