{
  "avg_addr":881.7882352941176,
  "avg_data":2157309035.247059,
  "avg_type":0.5294117647058824,
  "cacheSize":2048,
  "clw":512,
  "failed":true,
  "test":29,
  "testComplexity":2157309917.564706,
  "timeOut":false,
  "trans":25
}