{
  "avg_addr":798.10101010101,
  "avg_data":2087727425.8585858,
  "avg_type":0.48484848484848486,
  "cacheSize":2048,
  "clw":64,
  "failed":true,
  "test":26,
  "testComplexity":2087728224.4444444,
  "timeOut":false,
  "trans":88
}