{
  "avg_addr":840.3720930232558,
  "avg_data":2186840255.4418607,
  "avg_type":0.4418604651162791,
  "cacheSize":256,
  "clw":64,
  "failed":false,
  "test":100,
  "testComplexity":2186841096.255814,
  "timeOut":false,
  "trans":43
}