{
  "avg_addr":702.8686868686868,
  "avg_data":2116645368.090909,
  "avg_type":0.43434343434343436,
  "cacheSize":256,
  "clw":128,
  "failed":true,
  "test":15,
  "testComplexity":2116646071.3939395,
  "timeOut":false,
  "trans":83
}