{
  "avg_addr":815.5844155844156,
  "avg_data":1949837180.5064936,
  "avg_type":0.4935064935064935,
  "cacheSize":256,
  "clw":64,
  "failed":true,
  "test":13,
  "testComplexity":1949837996.5844157,
  "timeOut":false,
  "trans":23
}