{
  "avg_addr":858.276923076923,
  "avg_data":2158016953.476923,
  "avg_type":0.49230769230769234,
  "cacheSize":8192,
  "clw":1024,
  "failed":true,
  "test":8,
  "testComplexity":2158017812.246154,
  "timeOut":false,
  "trans":57
}