{
  "avg_addr":740.3333333333334,
  "avg_data":2044662223.8809524,
  "avg_type":0.5119047619047619,
  "cacheSize":2048,
  "clw":128,
  "failed":true,
  "test":33,
  "testComplexity":2044662964.7261906,
  "timeOut":false,
  "trans":76
}