{
  "avg_addr":797.8723404255319,
  "avg_data":2019987686.5212767,
  "avg_type":0.4787234042553192,
  "cacheSize":4096,
  "clw":512,
  "failed":true,
  "test":24,
  "testComplexity":2019988484.8723404,
  "timeOut":false,
  "trans":46
}