{
  "avg_addr":827.9574468085107,
  "avg_data":2295312178.574468,
  "avg_type":0.4787234042553192,
  "cacheSize":4096,
  "clw":256,
  "failed":true,
  "test":36,
  "testComplexity":2295313007.010638,
  "timeOut":false,
  "trans":50
}