{
  "avg_addr":849.1875,
  "avg_data":2311346927.703125,
  "avg_type":0.375,
  "cacheSize":4096,
  "clw":1024,
  "failed":true,
  "test":16,
  "testComplexity":2311347777.265625,
  "timeOut":false,
  "trans":63
}