{
  "avg_addr":794.1935483870968,
  "avg_data":2173101200.139785,
  "avg_type":0.5053763440860215,
  "cacheSize":256,
  "clw":128,
  "failed":true,
  "test":21,
  "testComplexity":2173101994.83871,
  "timeOut":false,
  "trans":47
}