{
  "avg_addr":774.8,
  "avg_data":2210315080.811111,
  "avg_type":0.5,
  "cacheSize":1024,
  "clw":512,
  "failed":true,
  "test":23,
  "testComplexity":2210315856.111111,
  "timeOut":false,
  "trans":57
}