{
  "avg_addr":804.16,
  "avg_data":2301489729.76,
  "avg_type":0.5066666666666667,
  "cacheSize":2048,
  "clw":512,
  "failed":true,
  "test":21,
  "testComplexity":2301490534.4266667,
  "timeOut":false,
  "trans":74
}