{
  "avg_addr":834.2372881355932,
  "avg_data":1842682829.4745762,
  "avg_type":0.4915254237288136,
  "cacheSize":8192,
  "clw":1024,
  "failed":false,
  "test":100,
  "testComplexity":1842683664.20339,
  "timeOut":false,
  "trans":59
}