{
  "avg_addr":1169.0,
  "avg_data":1779687981.0833333,
  "avg_type":0.25,
  "cacheSize":65536,
  "clw":1024,
  "failed":false,
  "test":100,
  "testComplexity":1779689150.3333333,
  "timeOut":false,
  "trans":12
}