{
  "avg_addr":900.1764705882352,
  "avg_data":2127132301.0,
  "avg_type":0.5147058823529411,
  "cacheSize":4096,
  "clw":512,
  "failed":true,
  "test":38,
  "testComplexity":2127133201.6911764,
  "timeOut":false,
  "trans":57
}