{
  "avg_addr":758.1449275362319,
  "avg_data":2153291061.42029,
  "avg_type":0.5072463768115942,
  "cacheSize":256,
  "clw":64,
  "failed":true,
  "test":16,
  "testComplexity":2153291820.072464,
  "timeOut":false,
  "trans":0
}