{
  "avg_addr":775.9480519480519,
  "avg_data":2341854397.1688313,
  "avg_type":0.5324675324675324,
  "cacheSize":2048,
  "clw":512,
  "failed":true,
  "test":23,
  "testComplexity":2341855173.6493506,
  "timeOut":false,
  "trans":35
}