{
  "avg_addr":844.1875,
  "avg_data":2189876013.8125,
  "avg_type":0.484375,
  "cacheSize":8192,
  "clw":1024,
  "failed":true,
  "test":10,
  "testComplexity":2189876858.484375,
  "timeOut":false,
  "trans":21
}