{
  "avg_addr":790.8571428571429,
  "avg_data":2351645286.0833335,
  "avg_type":0.5714285714285714,
  "cacheSize":8192,
  "clw":128,
  "failed":false,
  "test":100,
  "testComplexity":2351646077.5119047,
  "timeOut":false,
  "trans":84
}