{
  "avg_addr":885.7241379310345,
  "avg_data":2092052015.0172415,
  "avg_type":0.4827586206896552,
  "cacheSize":2048,
  "clw":512,
  "failed":true,
  "test":26,
  "testComplexity":2092052901.224138,
  "timeOut":false,
  "trans":37
}