{
  "avg_addr":875.795918367347,
  "avg_data":2112606709.7448978,
  "avg_type":0.3979591836734694,
  "cacheSize":256,
  "clw":128,
  "failed":true,
  "test":74,
  "testComplexity":2112607585.9387755,
  "timeOut":false,
  "trans":97
}