{
  "avg_addr":749.0,
  "avg_data":2188726296.1666665,
  "avg_type":0.47619047619047616,
  "cacheSize":4096,
  "clw":512,
  "failed":true,
  "test":68,
  "testComplexity":2188727045.642857,
  "timeOut":false,
  "trans":55
}