{
  "avg_addr":845.7777777777778,
  "avg_data":2082114197.7901235,
  "avg_type":0.5432098765432098,
  "cacheSize":2048,
  "clw":128,
  "failed":true,
  "test":43,
  "testComplexity":2082115044.1111112,
  "timeOut":false,
  "trans":0
}