{
  "avg_addr":778.0952380952381,
  "avg_data":1886437163.2380953,
  "avg_type":0.5595238095238095,
  "cacheSize":2048,
  "clw":64,
  "failed":true,
  "test":70,
  "testComplexity":1886437941.892857,
  "timeOut":false,
  "trans":64
}