{
  "avg_addr":741.3913043478261,
  "avg_data":2053491296.2608695,
  "avg_type":0.5869565217391305,
  "cacheSize":8192,
  "clw":128,
  "failed":true,
  "test":1,
  "testComplexity":2053492038.2391305,
  "timeOut":false,
  "trans":2
}