{
  "avg_addr":871.047619047619,
  "avg_data":2182160837.015873,
  "avg_type":0.49206349206349204,
  "cacheSize":2048,
  "clw":256,
  "failed":true,
  "test":2,
  "testComplexity":2182161708.5555553,
  "timeOut":false,
  "trans":43
}