{
  "avg_addr":741.0769230769231,
  "avg_data":2302491743.673077,
  "avg_type":0.5769230769230769,
  "cacheSize":16384,
  "clw":256,
  "failed":true,
  "test":1,
  "testComplexity":2302492485.326923,
  "timeOut":false,
  "trans":5
}