{
  "avg_addr":790.1538461538462,
  "avg_data":1927114880.6263735,
  "avg_type":0.4725274725274725,
  "cacheSize":16384,
  "clw":512,
  "failed":false,
  "test":100,
  "testComplexity":1927115671.2527473,
  "timeOut":false,
  "trans":91
}