{
  "avg_addr":833.0,
  "avg_data":2512090370.45,
  "avg_type":0.4666666666666667,
  "cacheSize":8192,
  "clw":128,
  "failed":true,
  "test":1,
  "testComplexity":2512091203.9166665,
  "timeOut":false,
  "trans":0
}