{
  "avg_addr":860.9411764705883,
  "avg_data":2069210242.7058823,
  "avg_type":0.5882352941176471,
  "cacheSize":256,
  "clw":64,
  "failed":true,
  "test":1,
  "testComplexity":2069211104.235294,
  "timeOut":false,
  "trans":4
}