{
  "avg_addr":780.5977011494252,
  "avg_data":2102549901.310345,
  "avg_type":0.47126436781609193,
  "cacheSize":65536,
  "clw":1024,
  "failed":true,
  "test":1,
  "testComplexity":2102550682.3793104,
  "timeOut":false,
  "trans":18
}