{
  "avg_addr":821.7037037037037,
  "avg_data":2134985611.4629629,
  "avg_type":0.46296296296296297,
  "cacheSize":8192,
  "clw":256,
  "failed":true,
  "test":1,
  "testComplexity":2134986433.6296296,
  "timeOut":false,
  "trans":1
}