{
  "avg_addr":589.3333333333334,
  "avg_data":1590591655.6666667,
  "avg_type":0.0,
  "cacheSize":1024,
  "clw":128,
  "failed":false,
  "test":100,
  "testComplexity":1590592245.0,
  "timeOut":false,
  "trans":3
}