{
  "avg_addr":805.7931034482758,
  "avg_data":2104892419.862069,
  "avg_type":0.5862068965517241,
  "cacheSize":32768,
  "clw":512,
  "failed":true,
  "test":1,
  "testComplexity":2104893226.2413793,
  "timeOut":false,
  "trans":0
}