{
  "avg_addr":853.4666666666667,
  "avg_data":2305395269.8,
  "avg_type":0.4666666666666667,
  "cacheSize":512,
  "clw":64,
  "failed":false,
  "test":100,
  "testComplexity":2305396123.733333,
  "timeOut":false,
  "trans":30
}