{
  "avg_addr":837.75,
  "avg_data":2054105779.734375,
  "avg_type":0.4375,
  "cacheSize":8192,
  "clw":256,
  "failed":false,
  "test":100,
  "testComplexity":2054106617.921875,
  "timeOut":false,
  "trans":64
}