{
  "avg_addr":713.8461538461538,
  "avg_data":2165048708.0,
  "avg_type":0.23076923076923078,
  "cacheSize":16384,
  "clw":1024,
  "failed":true,
  "test":1,
  "testComplexity":2165049422.076923,
  "timeOut":false,
  "trans":10
}