{
  "avg_addr":767.7714285714286,
  "avg_data":2368105359.571429,
  "avg_type":0.44285714285714284,
  "cacheSize":16384,
  "clw":1024,
  "failed":true,
  "test":1,
  "testComplexity":2368106127.785714,
  "timeOut":false,
  "trans":14
}