{
  "avg_addr":744.0,
  "avg_data":2156435128.869565,
  "avg_type":0.21739130434782608,
  "cacheSize":128,
  "clw":64,
  "failed":true,
  "test":1,
  "testComplexity":2156435873.0869565,
  "timeOut":false,
  "trans":0
}