{
  "avg_addr":666.7179487179487,
  "avg_data":2203700575.820513,
  "avg_type":0.5769230769230769,
  "cacheSize":16384,
  "clw":512,
  "failed":false,
  "test":100,
  "testComplexity":2203701243.1153846,
  "timeOut":false,
  "trans":78
}