{
  "avg_addr":849.4857142857143,
  "avg_data":2358840891.742857,
  "avg_type":0.45714285714285713,
  "cacheSize":256,
  "clw":128,
  "failed":false,
  "test":100,
  "testComplexity":2358841741.6857142,
  "timeOut":false,
  "trans":35
}