{
  "avg_addr":691.125,
  "avg_data":2027146932.9375,
  "avg_type":0.59375,
  "cacheSize":2048,
  "clw":256,
  "failed":true,
  "test":1,
  "testComplexity":2027147624.65625,
  "timeOut":false,
  "trans":0
}