{
  "avg_addr":801.8666666666667,
  "avg_data":2112507700.4666667,
  "avg_type":0.6833333333333333,
  "cacheSize":8192,
  "clw":1024,
  "failed":false,
  "test":100,
  "testComplexity":2112508503.0166667,
  "timeOut":false,
  "trans":60
}