{
  "avg_addr":689.3333333333334,
  "avg_data":2293311799.0444446,
  "avg_type":0.5555555555555556,
  "cacheSize":512,
  "clw":64,
  "failed":false,
  "test":100,
  "testComplexity":2293312488.9333334,
  "timeOut":false,
  "trans":45
}