{
  "avg_addr":754.1111111111111,
  "avg_data":2155402579.0694447,
  "avg_type":0.5277777777777778,
  "cacheSize":1024,
  "clw":128,
  "failed":true,
  "test":2,
  "testComplexity":2155403333.7083335,
  "timeOut":false,
  "trans":38
}