{
  "avg_addr":815.8666666666667,
  "avg_data":2100124425.1333334,
  "avg_type":0.6333333333333333,
  "cacheSize":8192,
  "clw":256,
  "failed":false,
  "test":100,
  "testComplexity":2100125241.6333334,
  "timeOut":false,
  "trans":60
}