{
  "avg_addr":892.9166666666666,
  "avg_data":2159254866.8125,
  "avg_type":0.5625,
  "cacheSize":256,
  "clw":128,
  "failed":true,
  "test":1,
  "testComplexity":2159255760.2916665,
  "timeOut":false,
  "trans":7
}