{
  "avg_addr":735.709090909091,
  "avg_data":2054350739.8545454,
  "avg_type":0.4909090909090909,
  "cacheSize":1024,
  "clw":512,
  "failed":true,
  "test":1,
  "testComplexity":2054351476.0545454,
  "timeOut":false,
  "trans":5
}