{
  "avg_addr":840.3333333333334,
  "avg_data":1790209333.25,
  "avg_type":0.6666666666666666,
  "cacheSize":8192,
  "clw":1024,
  "failed":false,
  "test":100,
  "testComplexity":1790210174.25,
  "timeOut":false,
  "trans":12
}