{
  "avg_addr":689.2941176470588,
  "avg_data":2034975961.235294,
  "avg_type":0.5294117647058824,
  "cacheSize":128,
  "clw":64,
  "failed":false,
  "test":100,
  "testComplexity":2034976651.0588236,
  "timeOut":false,
  "trans":34
}