{
  "avg_addr":827.1011235955057,
  "avg_data":2170061752.5955057,
  "avg_type":0.4606741573033708,
  "cacheSize":1024,
  "clw":256,
  "failed":true,
  "test":2,
  "testComplexity":2170062580.1573033,
  "timeOut":false,
  "trans":49
}