{
  "avg_addr":859.5555555555555,
  "avg_data":2076208705.9012346,
  "avg_type":0.49382716049382713,
  "cacheSize":16384,
  "clw":512,
  "failed":true,
  "test":1,
  "testComplexity":2076209565.9506173,
  "timeOut":false,
  "trans":16
}