{
  "avg_addr":769.319587628866,
  "avg_data":2358799849.1546392,
  "avg_type":0.5567010309278351,
  "cacheSize":8192,
  "clw":256,
  "failed":true,
  "test":1,
  "testComplexity":2358800619.0309277,
  "timeOut":false,
  "trans":2
}