{
  "avg_addr":799.3684210526316,
  "avg_data":2296339623.7192984,
  "avg_type":0.5263157894736842,
  "cacheSize":4096,
  "clw":1024,
  "failed":true,
  "test":1,
  "testComplexity":2296340423.614035,
  "timeOut":false,
  "trans":12
}