{
  "avg_addr":783.4725274725274,
  "avg_data":2142201484.087912,
  "avg_type":0.5934065934065934,
  "cacheSize":8192,
  "clw":1024,
  "failed":true,
  "test":1,
  "testComplexity":2142202268.1538463,
  "timeOut":false,
  "trans":11
}