{
  "avg_addr":729.8039215686274,
  "avg_data":1877335702.3137255,
  "avg_type":0.45098039215686275,
  "cacheSize":16384,
  "clw":1024,
  "failed":true,
  "test":1,
  "testComplexity":1877336432.5686274,
  "timeOut":false,
  "trans":4
}