{
  "avg_addr":819.7142857142857,
  "avg_data":2562097686.142857,
  "avg_type":0.5714285714285714,
  "cacheSize":2048,
  "clw":1024,
  "failed":false,
  "test":100,
  "testComplexity":2562098506.428571,
  "timeOut":false,
  "trans":14
}