{
  "avg_addr":818.8695652173913,
  "avg_data":2313899761.0434785,
  "avg_type":0.532608695652174,
  "cacheSize":4096,
  "clw":256,
  "failed":true,
  "test":1,
  "testComplexity":2313900580.445652,
  "timeOut":false,
  "trans":1
}