{
  "avg_addr":868.9230769230769,
  "avg_data":2347355346.6538463,
  "avg_type":0.34615384615384615,
  "cacheSize":16384,
  "clw":256,
  "failed":true,
  "test":1,
  "testComplexity":2347356215.923077,
  "timeOut":false,
  "trans":1
}