{
  "avg_addr":790.4516129032259,
  "avg_data":2040602765.2580645,
  "avg_type":0.5161290322580645,
  "cacheSize":4096,
  "clw":512,
  "failed":true,
  "test":1,
  "testComplexity":2040603556.2258065,
  "timeOut":false,
  "trans":0
}