{
  "avg_addr":833.4545454545455,
  "avg_data":2448425865.6363635,
  "avg_type":0.5909090909090909,
  "cacheSize":1024,
  "clw":128,
  "failed":true,
  "test":1,
  "testComplexity":2448426699.681818,
  "timeOut":false,
  "trans":1
}