{
  "avg_addr":857.030303030303,
  "avg_data":2188868687.7727275,
  "avg_type":0.5303030303030303,
  "cacheSize":512,
  "clw":128,
  "failed":false,
  "test":100,
  "testComplexity":2188869545.3333335,
  "timeOut":false,
  "trans":66
}