{
  "avg_addr":863.6923076923077,
  "avg_data":2449515760.6923075,
  "avg_type":0.5,
  "cacheSize":8192,
  "clw":256,
  "failed":false,
  "test":100,
  "testComplexity":2449516624.8846154,
  "timeOut":false,
  "trans":26
}