{
  "avg_addr":579.7142857142857,
  "avg_data":1755855060.7142856,
  "avg_type":0.5,
  "cacheSize":4096,
  "clw":64,
  "failed":true,
  "test":1,
  "testComplexity":1755855640.9285715,
  "timeOut":false,
  "trans":8
}