{
  "avg_addr":682.0,
  "avg_data":1517913304.4285715,
  "avg_type":0.2857142857142857,
  "cacheSize":32768,
  "clw":512,
  "failed":true,
  "test":1,
  "testComplexity":1517913986.7142856,
  "timeOut":false,
  "trans":1
}