{
  "avg_addr":863.4893617021277,
  "avg_data":1952233544.8297873,
  "avg_type":0.46808510638297873,
  "cacheSize":16384,
  "clw":1024,
  "failed":false,
  "test":100,
  "testComplexity":1952234408.787234,
  "timeOut":false,
  "trans":47
}