{
  "avg_addr":748.3333333333334,
  "avg_data":2055223622.0,
  "avg_type":0.3958333333333333,
  "cacheSize":4096,
  "clw":512,
  "failed":true,
  "test":1,
  "testComplexity":2055224370.7291667,
  "timeOut":false,
  "trans":15
}