{
  "avg_addr":871.5,
  "avg_data":1950047177.7708333,
  "avg_type":0.4166666666666667,
  "cacheSize":65536,
  "clw":1024,
  "failed":true,
  "test":1,
  "testComplexity":1950048049.6875,
  "timeOut":false,
  "trans":0
}