{
  "avg_addr":879.1794871794872,
  "avg_data":2201711961.3589745,
  "avg_type":0.6025641025641025,
  "cacheSize":2048,
  "clw":512,
  "failed":true,
  "test":1,
  "testComplexity":2201712841.1410255,
  "timeOut":false,
  "trans":0
}