{
  "avg_addr":776.5252525252525,
  "avg_data":1928616459.2727273,
  "avg_type":0.42424242424242425,
  "cacheSize":8192,
  "clw":512,
  "failed":false,
  "test":100,
  "testComplexity":1928617236.2222223,
  "timeOut":false,
  "trans":99
}