{
  "avg_addr":710.8333333333334,
  "avg_data":2061736029.9305556,
  "avg_type":0.4027777777777778,
  "cacheSize":8192,
  "clw":1024,
  "failed":true,
  "test":1,
  "testComplexity":2061736741.1666667,
  "timeOut":false,
  "trans":1
}