{
  "avg_addr":856.2631578947369,
  "avg_data":2089385875.6710527,
  "avg_type":0.3684210526315789,
  "cacheSize":4096,
  "clw":256,
  "failed":false,
  "test":100,
  "testComplexity":2089386732.3026316,
  "timeOut":false,
  "trans":76
}