{
  "avg_addr":833.6603773584906,
  "avg_data":2086838390.3584905,
  "avg_type":0.5660377358490566,
  "cacheSize":8192,
  "clw":256,
  "failed":false,
  "test":100,
  "testComplexity":2086839224.5849056,
  "timeOut":false,
  "trans":53
}