{
  "avg_addr":823.6483516483516,
  "avg_data":2202067787.747253,
  "avg_type":0.5824175824175825,
  "cacheSize":128,
  "clw":64,
  "failed":true,
  "test":2,
  "testComplexity":2202068611.978022,
  "timeOut":false,
  "trans":65
}