{
  "avg_addr":806.8571428571429,
  "avg_data":2039953844.0,
  "avg_type":0.5238095238095238,
  "cacheSize":4096,
  "clw":128,
  "failed":true,
  "test":1,
  "testComplexity":2039954651.3809524,
  "timeOut":false,
  "trans":1
}