{
  "avg_addr":794.9629629629629,
  "avg_data":1865648796.8333333,
  "avg_type":0.4074074074074074,
  "cacheSize":16384,
  "clw":256,
  "failed":true,
  "test":1,
  "testComplexity":1865649592.2037036,
  "timeOut":false,
  "trans":0
}