{
  "avg_addr":669.3333333333334,
  "avg_data":1958948610.6666667,
  "avg_type":0.6666666666666666,
  "cacheSize":32768,
  "clw":1024,
  "failed":true,
  "test":1,
  "testComplexity":1958949280.6666667,
  "timeOut":false,
  "trans":1
}