{
  "avg_addr":764.8571428571429,
  "avg_data":2045823723.4107144,
  "avg_type":0.4642857142857143,
  "cacheSize":512,
  "clw":256,
  "failed":true,
  "test":1,
  "testComplexity":2045824488.732143,
  "timeOut":false,
  "trans":8
}