{
  "avg_addr":855.6521739130435,
  "avg_data":1993827460.4347825,
  "avg_type":0.41304347826086957,
  "cacheSize":4096,
  "clw":1024,
  "failed":true,
  "test":1,
  "testComplexity":1993828316.5,
  "timeOut":false,
  "trans":0
}