{
  "avg_addr":802.6341463414634,
  "avg_data":2308037627.378049,
  "avg_type":0.524390243902439,
  "cacheSize":16384,
  "clw":512,
  "failed":true,
  "test":1,
  "testComplexity":2308038430.5365853,
  "timeOut":false,
  "trans":38
}