{
  "avg_addr":760.2631578947369,
  "avg_data":2109724981.1052632,
  "avg_type":0.42105263157894735,
  "cacheSize":4096,
  "clw":1024,
  "failed":true,
  "test":1,
  "testComplexity":2109725741.7894738,
  "timeOut":false,
  "trans":5
}