{
  "avg_addr":815.1466666666666,
  "avg_data":2010299224.2133334,
  "avg_type":0.4666666666666667,
  "cacheSize":8192,
  "clw":512,
  "failed":true,
  "test":1,
  "testComplexity":2010300039.8266666,
  "timeOut":false,
  "trans":3
}