{
  "avg_addr":764.8235294117648,
  "avg_data":2007514727.764706,
  "avg_type":0.35294117647058826,
  "cacheSize":1024,
  "clw":512,
  "failed":false,
  "test":100,
  "testComplexity":2007515492.9411764,
  "timeOut":false,
  "trans":68
}