{
  "avg_addr":830.5714285714286,
  "avg_data":1935393435.442857,
  "avg_type":0.5142857142857142,
  "cacheSize":32768,
  "clw":512,
  "failed":true,
  "test":1,
  "testComplexity":1935394266.5285714,
  "timeOut":false,
  "trans":1
}