{
  "avg_addr":692.4776119402985,
  "avg_data":2284758903.373134,
  "avg_type":0.5671641791044776,
  "cacheSize":16384,
  "clw":256,
  "failed":true,
  "test":4,
  "testComplexity":2284759596.4179106,
  "timeOut":false,
  "trans":15
}