{
  "avg_addr":942.0952380952381,
  "avg_data":1775175294.0952382,
  "avg_type":0.42857142857142855,
  "cacheSize":1024,
  "clw":256,
  "failed":true,
  "test":1,
  "testComplexity":1775176236.6190476,
  "timeOut":false,
  "trans":1
}