{
  "avg_addr":739.4736842105264,
  "avg_data":2482360049.1578946,
  "avg_type":0.5,
  "cacheSize":8192,
  "clw":128,
  "failed":true,
  "test":3,
  "testComplexity":2482360789.131579,
  "timeOut":false,
  "trans":9
}