{
  "avg_addr":774.0253164556962,
  "avg_data":2156743638.265823,
  "avg_type":0.6075949367088608,
  "cacheSize":4096,
  "clw":256,
  "failed":false,
  "test":100,
  "testComplexity":2156744412.898734,
  "timeOut":false,
  "trans":79
}