{
  "avg_addr":749.5555555555555,
  "avg_data":2105056386.8055556,
  "avg_type":0.4722222222222222,
  "cacheSize":256,
  "clw":128,
  "failed":false,
  "test":100,
  "testComplexity":2105057136.8333333,
  "timeOut":false,
  "trans":36
}