{
  "avg_addr":899.7333333333333,
  "avg_data":1990564886.4,
  "avg_type":0.6,
  "cacheSize":4096,
  "clw":512,
  "failed":true,
  "test":1,
  "testComplexity":1990565786.7333333,
  "timeOut":false,
  "trans":8
}