{
  "avg_addr":931.3725490196078,
  "avg_data":2407815622.5686274,
  "avg_type":0.43137254901960786,
  "cacheSize":256,
  "clw":128,
  "failed":true,
  "test":1,
  "testComplexity":2407816554.372549,
  "timeOut":false,
  "trans":7
}