{
  "avg_addr":829.6315789473684,
  "avg_data":2399578324.868421,
  "avg_type":0.4868421052631579,
  "cacheSize":512,
  "clw":256,
  "failed":true,
  "test":1,
  "testComplexity":2399579154.986842,
  "timeOut":false,
  "trans":0
}