{
  "avg_addr":783.8709677419355,
  "avg_data":1883768548.5591397,
  "avg_type":0.4946236559139785,
  "cacheSize":4096,
  "clw":1024,
  "failed":true,
  "test":1,
  "testComplexity":1883769332.9247313,
  "timeOut":false,
  "trans":1
}