{
  "avg_addr":767.5268817204301,
  "avg_data":2150887080.7419353,
  "avg_type":0.5698924731182796,
  "cacheSize":2048,
  "clw":512,
  "failed":true,
  "test":2,
  "testComplexity":2150887848.83871,
  "timeOut":false,
  "trans":65
}