{
  "avg_addr":796.6666666666666,
  "avg_data":2048197413.3055556,
  "avg_type":0.5555555555555556,
  "cacheSize":256,
  "clw":64,
  "failed":true,
  "test":2,
  "testComplexity":2048198210.5277777,
  "timeOut":false,
  "trans":9
}