{
  "avg_addr":910.5263157894736,
  "avg_data":2177114322.0,
  "avg_type":0.5789473684210527,
  "cacheSize":256,
  "clw":128,
  "failed":false,
  "test":100,
  "testComplexity":2177115233.105263,
  "timeOut":false,
  "trans":19
}