{
  "avg_addr":833.5211267605633,
  "avg_data":2046087093.3521128,
  "avg_type":0.4225352112676056,
  "cacheSize":256,
  "clw":64,
  "failed":true,
  "test":1,
  "testComplexity":2046087927.2957747,
  "timeOut":false,
  "trans":0
}