{
  "avg_addr":830.9333333333333,
  "avg_data":2180634888.64,
  "avg_type":0.52,
  "cacheSize":8192,
  "clw":1024,
  "failed":true,
  "test":3,
  "testComplexity":2180635720.0933332,
  "timeOut":false,
  "trans":11
}