{
  "avg_addr":797.5890410958904,
  "avg_data":2152897140.4657536,
  "avg_type":0.5342465753424658,
  "cacheSize":32768,
  "clw":512,
  "failed":true,
  "test":1,
  "testComplexity":2152897938.589041,
  "timeOut":false,
  "trans":4
}