{
  "avg_addr":784.4444444444445,
  "avg_data":2301746785.2222223,
  "avg_type":0.4444444444444444,
  "cacheSize":512,
  "clw":128,
  "failed":true,
  "test":1,
  "testComplexity":2301747570.111111,
  "timeOut":false,
  "trans":5
}