{
  "avg_addr":758.6516853932584,
  "avg_data":2061540219.1348314,
  "avg_type":0.5393258426966292,
  "cacheSize":512,
  "clw":256,
  "failed":true,
  "test":1,
  "testComplexity":2061540978.3258426,
  "timeOut":false,
  "trans":1
}