{
  "avg_addr":707.7142857142857,
  "avg_data":2053298390.7857144,
  "avg_type":0.6428571428571429,
  "cacheSize":4096,
  "clw":128,
  "failed":false,
  "test":100,
  "testComplexity":2053299099.142857,
  "timeOut":false,
  "trans":14
}