{
  "avg_addr":770.875,
  "avg_data":2013114923.9583333,
  "avg_type":0.5104166666666666,
  "cacheSize":1024,
  "clw":512,
  "failed":true,
  "test":1,
  "testComplexity":2013115695.34375,
  "timeOut":false,
  "trans":2
}