{
  "avg_addr":789.1612903225806,
  "avg_data":2070705231.419355,
  "avg_type":0.5268817204301075,
  "cacheSize":2048,
  "clw":512,
  "failed":true,
  "test":1,
  "testComplexity":2070706021.1075268,
  "timeOut":false,
  "trans":0
}