{
  "avg_addr":775.5263157894736,
  "avg_data":2301425325.1578946,
  "avg_type":0.4342105263157895,
  "cacheSize":2048,
  "clw":64,
  "failed":true,
  "test":1,
  "testComplexity":2301426101.118421,
  "timeOut":false,
  "trans":3
}