{
  "avg_addr":835.2542372881356,
  "avg_data":1991883622.2542372,
  "avg_type":0.6101694915254238,
  "cacheSize":2048,
  "clw":512,
  "failed":true,
  "test":1,
  "testComplexity":1991884458.118644,
  "timeOut":false,
  "trans":14
}