{
  "avg_addr":875.8688524590164,
  "avg_data":2435791161.0,
  "avg_type":0.5573770491803278,
  "cacheSize":512,
  "clw":128,
  "failed":false,
  "test":100,
  "testComplexity":2435792037.4262295,
  "timeOut":false,
  "trans":61
}