{
  "avg_addr":748.0851063829788,
  "avg_data":2035310074.531915,
  "avg_type":0.5106382978723404,
  "cacheSize":32768,
  "clw":1024,
  "failed":true,
  "test":1,
  "testComplexity":2035310823.1276596,
  "timeOut":false,
  "trans":0
}