{
  "avg_addr":785.0,
  "avg_data":2224355017.5833335,
  "avg_type":0.375,
  "cacheSize":512,
  "clw":256,
  "failed":true,
  "test":2,
  "testComplexity":2224355802.9583335,
  "timeOut":false,
  "trans":4
}