{
  "avg_addr":789.3333333333334,
  "avg_data":2175254776.354839,
  "avg_type":0.5698924731182796,
  "cacheSize":4096,
  "clw":128,
  "failed":true,
  "test":1,
  "testComplexity":2175255566.2580647,
  "timeOut":false,
  "trans":1
}