{
  "avg_addr":782.125,
  "avg_data":2069871765.8125,
  "avg_type":0.578125,
  "cacheSize":4096,
  "clw":512,
  "failed":true,
  "test":4,
  "testComplexity":2069872548.515625,
  "timeOut":false,
  "trans":13
}