{
  "avg_addr":901.9607843137255,
  "avg_data":2100113781.9803922,
  "avg_type":0.3333333333333333,
  "cacheSize":8192,
  "clw":512,
  "failed":false,
  "test":100,
  "testComplexity":2100114684.27451,
  "timeOut":false,
  "trans":51
}