{
  "avg_addr":636.377358490566,
  "avg_data":2171808719.5283017,
  "avg_type":0.49056603773584906,
  "cacheSize":2048,
  "clw":256,
  "failed":true,
  "test":1,
  "testComplexity":2171809356.3962264,
  "timeOut":false,
  "trans":14
}