{
  "avg_addr":915.1111111111111,
  "avg_data":2108563925.8148148,
  "avg_type":0.4074074074074074,
  "cacheSize":1024,
  "clw":64,
  "failed":true,
  "test":2,
  "testComplexity":2108564841.3333333,
  "timeOut":false,
  "trans":7
}