{
  "avg_addr":993.6842105263158,
  "avg_data":2497572312.894737,
  "avg_type":0.5263157894736842,
  "cacheSize":128,
  "clw":64,
  "failed":true,
  "test":91,
  "testComplexity":2497573307.105263,
  "timeOut":false,
  "trans":13
}