{
  "avg_addr":1127.4285714285713,
  "avg_data":2543302333.285714,
  "avg_type":0.5714285714285714,
  "cacheSize":128,
  "clw":64,
  "failed":true,
  "test":31,
  "testComplexity":2543303461.285714,
  "timeOut":false,
  "trans":4
}