{
  "avg_addr":809.1428571428571,
  "avg_data":2396707413.357143,
  "avg_type":0.6428571428571429,
  "cacheSize":128,
  "clw":64,
  "failed":true,
  "test":66,
  "testComplexity":2396708223.142857,
  "timeOut":false,
  "trans":14
}