{
  "avg_addr":856.6153846153846,
  "avg_data":2259094824.230769,
  "avg_type":0.38461538461538464,
  "cacheSize":128,
  "clw":64,
  "failed":true,
  "test":62,
  "testComplexity":2259095681.230769,
  "timeOut":false,
  "trans":12
}