{
  "avg_addr":778.0,
  "avg_data":1284842530.4166667,
  "avg_type":0.4166666666666667,
  "cacheSize":128,
  "clw":64,
  "failed":true,
  "test":58,
  "testComplexity":1284843308.8333333,
  "timeOut":false,
  "trans":4
}