{
  "avg_addr":569.1428571428571,
  "avg_data":2715224010.571429,
  "avg_type":0.5714285714285714,
  "cacheSize":128,
  "clw":64,
  "failed":true,
  "test":35,
  "testComplexity":2715224580.285714,
  "timeOut":false,
  "trans":7
}