{
  "avg_addr":906.8888888888889,
  "avg_data":2189578442.888889,
  "avg_type":0.4444444444444444,
  "cacheSize":128,
  "clw":64,
  "failed":true,
  "test":89,
  "testComplexity":2189579350.2222223,
  "timeOut":false,
  "trans":16
}