{
  "avg_addr":775.3333333333334,
  "avg_data":2163756681.5,
  "avg_type":0.6666666666666666,
  "cacheSize":128,
  "clw":64,
  "failed":true,
  "test":26,
  "testComplexity":2163757457.5,
  "timeOut":false,
  "trans":6
}