{
  "avg_addr":822.6666666666666,
  "avg_data":2715062484.4444447,
  "avg_type":0.6666666666666666,
  "cacheSize":128,
  "clw":64,
  "failed":true,
  "test":44,
  "testComplexity":2715063307.7777777,
  "timeOut":false,
  "trans":9
}