{
  "avg_addr":1201.3333333333333,
  "avg_data":1775046985.3333333,
  "avg_type":1.0,
  "cacheSize":128,
  "clw":64,
  "failed":true,
  "test":11,
  "testComplexity":1775048187.6666667,
  "timeOut":false,
  "trans":3
}