{
  "avg_addr":826.3859649122807,
  "avg_data":2147765740.877193,
  "avg_type":0.38596491228070173,
  "cacheSize":128,
  "clw":64,
  "failed":true,
  "test":283,
  "testComplexity":2147766567.6491227,
  "timeOut":false,
  "trans":40
}