{
  "avg_addr":864.3478260869565,
  "avg_data":2221594747.347826,
  "avg_type":0.5217391304347826,
  "cacheSize":128,
  "clw":64,
  "failed":true,
  "test":114,
  "testComplexity":2221595612.2173915,
  "timeOut":false,
  "trans":20
}