{
  "avg_addr":741.6666666666666,
  "avg_data":1728233548.1666667,
  "avg_type":0.4166666666666667,
  "cacheSize":128,
  "clw":64,
  "failed":true,
  "test":60,
  "testComplexity":1728234290.25,
  "timeOut":false,
  "trans":12
}