{
  "avg_addr":800.0,
  "avg_data":2191032199.857143,
  "avg_type":0.35714285714285715,
  "cacheSize":128,
  "clw":64,
  "failed":true,
  "test":66,
  "testComplexity":2191033000.214286,
  "timeOut":false,
  "trans":8
}