{
  "avg_addr":760.8235294117648,
  "avg_data":2137930419.6617646,
  "avg_type":0.6323529411764706,
  "cacheSize":128,
  "clw":64,
  "failed":true,
  "test":337,
  "testComplexity":2137931181.1176472,
  "timeOut":false,
  "trans":61
}