{
  "avg_addr":771.7647058823529,
  "avg_data":1856973458.4705882,
  "avg_type":0.5294117647058824,
  "cacheSize":128,
  "clw":64,
  "failed":true,
  "test":81,
  "testComplexity":1856974230.764706,
  "timeOut":false,
  "trans":17
}