{
  "avg_addr":900.0,
  "avg_data":2158524817.8461537,
  "avg_type":0.46153846153846156,
  "cacheSize":128,
  "clw":64,
  "failed":true,
  "test":63,
  "testComplexity":2158525718.3076925,
  "timeOut":false,
  "trans":9
}