{
  "avg_addr":829.4736842105264,
  "avg_data":2673240081.1578946,
  "avg_type":0.42105263157894735,
  "cacheSize":128,
  "clw":64,
  "failed":true,
  "test":91,
  "testComplexity":2673240911.0526314,
  "timeOut":false,
  "trans":18
}