{
  "avg_addr":810.0,
  "avg_data":2506974060.9166665,
  "avg_type":0.5833333333333334,
  "cacheSize":128,
  "clw":64,
  "failed":true,
  "test":56,
  "testComplexity":2506974871.5,
  "timeOut":false,
  "trans":12
}