{
  "avg_addr":624.0,
  "avg_data":1979633469.8333333,
  "avg_type":0.6666666666666666,
  "cacheSize":128,
  "clw":64,
  "failed":true,
  "test":28,
  "testComplexity":1979634094.5,
  "timeOut":false,
  "trans":6
}