{
  "avg_addr":754.0,
  "avg_data":2094338818.7826087,
  "avg_type":0.5,
  "cacheSize":128,
  "clw":64,
  "failed":true,
  "test":230,
  "testComplexity":2094339573.2826087,
  "timeOut":false,
  "trans":30
}