{
  "avg_addr":812.4363636363636,
  "avg_data":2129230956.709091,
  "avg_type":0.509090909090909,
  "cacheSize":128,
  "clw":64,
  "failed":true,
  "test":271,
  "testComplexity":2129231769.6545455,
  "timeOut":false,
  "trans":29
}