{
  "avg_addr":789.0196078431372,
  "avg_data":2177606728.490196,
  "avg_type":0.5686274509803921,
  "cacheSize":128,
  "clw":64,
  "failed":true,
  "test":252,
  "testComplexity":2177607518.0784316,
  "timeOut":false,
  "trans":51
}