{
  "avg_addr":701.6666666666666,
  "avg_data":1912521530.5357144,
  "avg_type":0.5238095238095238,
  "cacheSize":128,
  "clw":64,
  "failed":true,
  "test":418,
  "testComplexity":1912522232.7261906,
  "timeOut":false,
  "trans":39
}