{
  "avg_addr":784.7058823529412,
  "avg_data":2088013206.764706,
  "avg_type":0.39215686274509803,
  "cacheSize":128,
  "clw":64,
  "failed":true,
  "test":253,
  "testComplexity":2088013991.862745,
  "timeOut":false,
  "trans":38
}