{
  "avg_addr":739.4181818181818,
  "avg_data":2269889283.5272727,
  "avg_type":0.5636363636363636,
  "cacheSize":128,
  "clw":64,
  "failed":true,
  "test":271,
  "testComplexity":2269890023.509091,
  "timeOut":false,
  "trans":22
}