{
  "avg_addr":792.2191780821918,
  "avg_data":2465859240.6986303,
  "avg_type":0.4383561643835616,
  "cacheSize":128,
  "clw":64,
  "failed":true,
  "test":361,
  "testComplexity":2465860033.3561645,
  "timeOut":false,
  "trans":62
}