{
  "avg_addr":834.9677419354839,
  "avg_data":2056529890.3709676,
  "avg_type":0.3709677419354839,
  "cacheSize":128,
  "clw":64,
  "failed":true,
  "test":306,
  "testComplexity":2056530725.7096775,
  "timeOut":false,
  "trans":57
}