{
  "avg_addr":781.4814814814815,
  "avg_data":2194519869.4814816,
  "avg_type":0.5925925925925926,
  "cacheSize":128,
  "clw":64,
  "failed":true,
  "test":402,
  "testComplexity":2194520651.5555553,
  "timeOut":false,
  "trans":25
}