{
  "avg_addr":821.1052631578947,
  "avg_data":1904772072.5131578,
  "avg_type":0.5263157894736842,
  "cacheSize":256,
  "clw":64,
  "failed":true,
  "test":872,
  "testComplexity":1904772894.1447368,
  "timeOut":false,
  "trans":44
}