{
  "avg_addr":769.7446808510638,
  "avg_data":1947549112.031915,
  "avg_type":0.44680851063829785,
  "cacheSize":128,
  "clw":64,
  "failed":true,
  "test":466,
  "testComplexity":1947549882.2234042,
  "timeOut":false,
  "trans":38
}