{
  "avg_addr":759.0769230769231,
  "avg_data":2380100834.480769,
  "avg_type":0.4230769230769231,
  "cacheSize":128,
  "clw":64,
  "failed":true,
  "test":260,
  "testComplexity":2380101593.980769,
  "timeOut":false,
  "trans":32
}