{
  "avg_addr":783.6,
  "avg_data":2303764292.8714285,
  "avg_type":0.4714285714285714,
  "cacheSize":128,
  "clw":64,
  "failed":true,
  "test":347,
  "testComplexity":2303765076.9428573,
  "timeOut":false,
  "trans":58
}