{
  "avg_addr":804.9473684210526,
  "avg_data":2218642992.644737,
  "avg_type":0.4868421052631579,
  "cacheSize":128,
  "clw":64,
  "failed":true,
  "test":379,
  "testComplexity":2218643798.0789475,
  "timeOut":false,
  "trans":70
}