{
  "avg_addr":791.4285714285714,
  "avg_data":2075407098.2337663,
  "avg_type":0.4025974025974026,
  "cacheSize":128,
  "clw":64,
  "failed":true,
  "test":385,
  "testComplexity":2075407890.064935,
  "timeOut":false,
  "trans":74
}