{
  "avg_addr":766.8235294117648,
  "avg_data":2060008222.0588236,
  "avg_type":0.39215686274509803,
  "cacheSize":128,
  "clw":64,
  "failed":true,
  "test":253,
  "testComplexity":2060008989.27451,
  "timeOut":false,
  "trans":51
}