{
  "avg_addr":805.1818181818181,
  "avg_data":2273326429.6477275,
  "avg_type":0.4431818181818182,
  "cacheSize":128,
  "clw":64,
  "failed":true,
  "test":437,
  "testComplexity":2273327235.2727275,
  "timeOut":false,
  "trans":84
}