{
  "avg_addr":761.8095238095239,
  "avg_data":2147279123.2380953,
  "avg_type":0.35714285714285715,
  "cacheSize":128,
  "clw":64,
  "failed":true,
  "test":209,
  "testComplexity":2147279885.4047618,
  "timeOut":false,
  "trans":29
}