{
  "avg_addr":741.609756097561,
  "avg_data":2467474331.792683,
  "avg_type":0.5121951219512195,
  "cacheSize":128,
  "clw":64,
  "failed":true,
  "test":408,
  "testComplexity":2467475073.914634,
  "timeOut":false,
  "trans":31
}