{
  "avg_addr":909.0958904109589,
  "avg_data":2149296769.739726,
  "avg_type":0.4383561643835616,
  "cacheSize":128,
  "clw":64,
  "failed":true,
  "test":363,
  "testComplexity":2149297679.2739725,
  "timeOut":false,
  "trans":62
}