{
  "avg_addr":719.7714285714286,
  "avg_data":2321055564.385714,
  "avg_type":0.4714285714285714,
  "cacheSize":128,
  "clw":64,
  "failed":true,
  "test":346,
  "testComplexity":2321056284.6285715,
  "timeOut":false,
  "trans":25
}