{
  "avg_addr":856.6666666666666,
  "avg_data":2115062968.0416667,
  "avg_type":0.4861111111111111,
  "cacheSize":128,
  "clw":64,
  "failed":true,
  "test":356,
  "testComplexity":2115063825.1944444,
  "timeOut":false,
  "trans":70
}