{
  "avg_addr":774.2857142857143,
  "avg_data":2485968310.857143,
  "avg_type":0.6428571428571429,
  "cacheSize":128,
  "clw":64,
  "failed":true,
  "test":70,
  "testComplexity":2485969085.785714,
  "timeOut":false,
  "trans":14
}