{
  "avg_addr":767.5918367346939,
  "avg_data":2091813571.5714285,
  "avg_type":0.5918367346938775,
  "cacheSize":128,
  "clw":64,
  "failed":true,
  "test":243,
  "testComplexity":2091814339.7551022,
  "timeOut":false,
  "trans":41
}