{
  "avg_addr":873.6470588235294,
  "avg_data":2163373161.6617646,
  "avg_type":0.5147058823529411,
  "cacheSize":128,
  "clw":64,
  "failed":true,
  "test":337,
  "testComplexity":2163374035.8235292,
  "timeOut":false,
  "trans":66
}