{
  "avg_addr":688.7619047619048,
  "avg_data":2444469920.8095236,
  "avg_type":0.47619047619047616,
  "cacheSize":128,
  "clw":64,
  "failed":true,
  "test":102,
  "testComplexity":2444470610.047619,
  "timeOut":false,
  "trans":13
}