{
  "avg_addr":748.8888888888889,
  "avg_data":1946879081.4444444,
  "avg_type":0.5555555555555556,
  "cacheSize":128,
  "clw":64,
  "failed":true,
  "test":42,
  "testComplexity":1946879830.8888888,
  "timeOut":false,
  "trans":9
}