{
  "avg_addr":820.5714285714286,
  "avg_data":1871091485.8809524,
  "avg_type":0.5714285714285714,
  "cacheSize":128,
  "clw":64,
  "failed":true,
  "test":209,
  "testComplexity":1871092307.0238094,
  "timeOut":false,
  "trans":31
}