{
  "avg_addr":16.0,
  "avg_data":0.0,
  "avg_type":0.6666666666666666,
  "cacheSize":128,
  "clw":64,
  "failed":true,
  "test":3,
  "testComplexity":16.666666666666668,
  "timeOut":false,
  "trans":3
}