{
  "avg_addr":880.6451612903226,
  "avg_data":2184659999.774194,
  "avg_type":0.5,
  "cacheSize":128,
  "clw":64,
  "failed":true,
  "test":306,
  "testComplexity":2184660880.919355,
  "timeOut":false,
  "trans":32
}