{
  "avg_addr":857.925925925926,
  "avg_data":1919209695.0370371,
  "avg_type":0.5185185185185185,
  "cacheSize":128,
  "clw":64,
  "failed":true,
  "test":266,
  "testComplexity":1919210553.4814816,
  "timeOut":false,
  "trans":52
}