{
  "avg_addr":730.9565217391304,
  "avg_data":2247057650.869565,
  "avg_type":0.5217391304347826,
  "cacheSize":128,
  "clw":64,
  "failed":true,
  "test":345,
  "testComplexity":2247058382.347826,
  "timeOut":false,
  "trans":33
}