{
  "avg_addr":900.8571428571429,
  "avg_data":2193742164.5142856,
  "avg_type":0.5142857142857142,
  "cacheSize":128,
  "clw":64,
  "failed":true,
  "test":346,
  "testComplexity":2193743065.885714,
  "timeOut":false,
  "trans":67
}