{
  "avg_addr":773.5632183908046,
  "avg_data":2185731065.091954,
  "avg_type":0.5172413793103449,
  "cacheSize":128,
  "clw":64,
  "failed":true,
  "test":434,
  "testComplexity":2185731839.172414,
  "timeOut":false,
  "trans":41
}