{
  "avg_addr":843.7777777777778,
  "avg_data":1950381358.425926,
  "avg_type":0.4444444444444444,
  "cacheSize":128,
  "clw":64,
  "failed":true,
  "test":267,
  "testComplexity":1950382202.648148,
  "timeOut":false,
  "trans":16
}