{
  "avg_addr":731.3846153846154,
  "avg_data":2226686404.7384615,
  "avg_type":0.5384615384615384,
  "cacheSize":128,
  "clw":64,
  "failed":true,
  "test":322,
  "testComplexity":2226687136.6615386,
  "timeOut":false,
  "trans":54
}