{
  "avg_addr":900.8205128205128,
  "avg_data":2196330247.8846154,
  "avg_type":0.46153846153846156,
  "cacheSize":128,
  "clw":64,
  "failed":true,
  "test":386,
  "testComplexity":2196331149.1666665,
  "timeOut":false,
  "trans":78
}