{
  "avg_addr":873.5714285714286,
  "avg_data":2641873258.428571,
  "avg_type":0.42857142857142855,
  "cacheSize":128,
  "clw":64,
  "failed":true,
  "test":137,
  "testComplexity":2641874132.428571,
  "timeOut":false,
  "trans":18
}