{
  "avg_addr":777.7910447761194,
  "avg_data":2000164216.0149255,
  "avg_type":0.5373134328358209,
  "cacheSize":128,
  "clw":64,
  "failed":true,
  "test":335,
  "testComplexity":2000164994.3432837,
  "timeOut":false,
  "trans":61
}