{
  "avg_addr":888.969696969697,
  "avg_data":2347011496.030303,
  "avg_type":0.45454545454545453,
  "cacheSize":128,
  "clw":64,
  "failed":true,
  "test":164,
  "testComplexity":2347012385.4545455,
  "timeOut":false,
  "trans":33
}