{
  "avg_addr":964.4444444444445,
  "avg_data":1636557211.6666667,
  "avg_type":0.6666666666666666,
  "cacheSize":128,
  "clw":64,
  "failed":true,
  "test":43,
  "testComplexity":1636558176.7777777,
  "timeOut":false,
  "trans":3
}