{
  "avg_addr":761.4769230769231,
  "avg_data":2207972901.2615385,
  "avg_type":0.5230769230769231,
  "cacheSize":128,
  "clw":64,
  "failed":true,
  "test":322,
  "testComplexity":2207973663.2615385,
  "timeOut":false,
  "trans":64
}