{
  "avg_addr":684.3636363636364,
  "avg_data":2290777511.2727275,
  "avg_type":0.45454545454545453,
  "cacheSize":128,
  "clw":64,
  "failed":true,
  "test":52,
  "testComplexity":2290778196.090909,
  "timeOut":false,
  "trans":9
}