{
  "avg_addr":763.4285714285714,
  "avg_data":1776440433.4285715,
  "avg_type":0.5714285714285714,
  "cacheSize":128,
  "clw":64,
  "failed":true,
  "test":173,
  "testComplexity":1776441197.4285715,
  "timeOut":false,
  "trans":23
}