{
  "avg_addr":788.0,
  "avg_data":2808732070.25,
  "avg_type":0.6666666666666666,
  "cacheSize":128,
  "clw":64,
  "failed":true,
  "test":59,
  "testComplexity":2808732858.9166665,
  "timeOut":false,
  "trans":4
}