{
  "avg_addr":773.6666666666666,
  "avg_data":2667040781.1666665,
  "avg_type":0.5833333333333334,
  "cacheSize":128,
  "clw":64,
  "failed":true,
  "test":56,
  "testComplexity":2667041555.4166665,
  "timeOut":false,
  "trans":11
}