{
  "avg_addr":702.4347826086956,
  "avg_data":2264550990.869565,
  "avg_type":0.45652173913043476,
  "cacheSize":128,
  "clw":64,
  "failed":true,
  "test":228,
  "testComplexity":2264551693.7608695,
  "timeOut":false,
  "trans":46
}