{
  "avg_addr":727.945205479452,
  "avg_data":2209289800.2054796,
  "avg_type":0.4657534246575342,
  "cacheSize":128,
  "clw":64,
  "failed":true,
  "test":362,
  "testComplexity":2209290528.6164384,
  "timeOut":false,
  "trans":39
}