{
  "avg_addr":801.2857142857143,
  "avg_data":2134578406.1785715,
  "avg_type":0.5357142857142857,
  "cacheSize":128,
  "clw":64,
  "failed":true,
  "test":420,
  "testComplexity":2134579208.0,
  "timeOut":false,
  "trans":46
}