{
  "avg_addr":783.5714285714286,
  "avg_data":2468534261.3809524,
  "avg_type":0.4880952380952381,
  "cacheSize":128,
  "clw":64,
  "failed":true,
  "test":418,
  "testComplexity":2468535045.4404764,
  "timeOut":false,
  "trans":83
}