{
  "avg_addr":792.0,
  "avg_data":2521340059.6666665,
  "avg_type":0.3333333333333333,
  "cacheSize":128,
  "clw":64,
  "failed":true,
  "test":11,
  "testComplexity":2521340852.0,
  "timeOut":false,
  "trans":3
}