{
  "avg_addr":996.0,
  "avg_data":2760301810.6666665,
  "avg_type":1.0,
  "cacheSize":128,
  "clw":64,
  "failed":true,
  "test":11,
  "testComplexity":2760302807.6666665,
  "timeOut":false,
  "trans":3
}