{
  "avg_addr":894.8372093023256,
  "avg_data":1974674018.6627908,
  "avg_type":0.5348837209302325,
  "cacheSize":256,
  "clw":64,
  "failed":true,
  "test":925,
  "testComplexity":1974674914.0348837,
  "timeOut":false,
  "trans":74
}