{
  "avg_addr":816.5714285714286,
  "avg_data":2532861858.785714,
  "avg_type":0.42857142857142855,
  "cacheSize":128,
  "clw":64,
  "failed":true,
  "test":66,
  "testComplexity":2532862675.785714,
  "timeOut":false,
  "trans":14
}