{
  "avg_addr":872.6666666666666,
  "avg_data":1775398322.8333333,
  "avg_type":0.5,
  "cacheSize":128,
  "clw":64,
  "failed":true,
  "test":27,
  "testComplexity":1775399196.0,
  "timeOut":false,
  "trans":5
}