{
  "avg_addr":810.5142857142857,
  "avg_data":1865160102.9714286,
  "avg_type":0.45714285714285713,
  "cacheSize":128,
  "clw":64,
  "failed":true,
  "test":173,
  "testComplexity":1865160913.942857,
  "timeOut":false,
  "trans":21
}