{
  "avg_addr":1071.6666666666667,
  "avg_data":2518732963.0,
  "avg_type":0.4166666666666667,
  "cacheSize":128,
  "clw":64,
  "failed":true,
  "test":57,
  "testComplexity":2518734035.0833335,
  "timeOut":false,
  "trans":6
}