{
  "avg_addr":838.439024390244,
  "avg_data":1934375483.8536584,
  "avg_type":0.5,
  "cacheSize":128,
  "clw":64,
  "failed":true,
  "test":410,
  "testComplexity":1934376322.792683,
  "timeOut":false,
  "trans":51
}