{
  "avg_addr":816.0449438202247,
  "avg_data":2273107176.179775,
  "avg_type":0.4606741573033708,
  "cacheSize":256,
  "clw":64,
  "failed":true,
  "test":936,
  "testComplexity":2273107992.6853933,
  "timeOut":false,
  "trans":63
}