{
  "avg_addr":896.1176470588235,
  "avg_data":2107114355.4705882,
  "avg_type":0.5,
  "cacheSize":128,
  "clw":64,
  "failed":true,
  "test":166,
  "testComplexity":2107115252.0882354,
  "timeOut":false,
  "trans":17
}