{
  "avg_addr":829.7142857142857,
  "avg_data":2033000506.7936509,
  "avg_type":0.49206349206349204,
  "cacheSize":128,
  "clw":64,
  "failed":true,
  "test":311,
  "testComplexity":2033001337.0,
  "timeOut":false,
  "trans":49
}