{
  "avg_addr":741.3818181818182,
  "avg_data":2070371211.4727273,
  "avg_type":0.45454545454545453,
  "cacheSize":128,
  "clw":64,
  "failed":true,
  "test":272,
  "testComplexity":2070371953.3090909,
  "timeOut":false,
  "trans":31
}