{
  "avg_addr":1276.0,
  "avg_data":3053792105.3333335,
  "avg_type":1.0,
  "cacheSize":128,
  "clw":64,
  "failed":true,
  "test":11,
  "testComplexity":3053793382.3333335,
  "timeOut":false,
  "trans":3
}