{
  "avg_addr":825.8461538461538,
  "avg_data":1890864575.3589745,
  "avg_type":0.5128205128205128,
  "cacheSize":128,
  "clw":64,
  "failed":true,
  "test":195,
  "testComplexity":1890865401.7179487,
  "timeOut":false,
  "trans":39
}