{
  "avg_addr":890.8444444444444,
  "avg_data":2026541513.2444444,
  "avg_type":0.4444444444444444,
  "cacheSize":128,
  "clw":64,
  "failed":true,
  "test":225,
  "testComplexity":2026542404.5333333,
  "timeOut":false,
  "trans":39
}