{
  "avg_addr":813.0285714285715,
  "avg_data":2305631878.9714284,
  "avg_type":0.5714285714285714,
  "cacheSize":256,
  "clw":64,
  "failed":true,
  "test":670,
  "testComplexity":2305632692.571429,
  "timeOut":false,
  "trans":20
}