{
  "avg_addr":810.8181818181819,
  "avg_data":2163264338.6477275,
  "avg_type":0.4318181818181818,
  "cacheSize":128,
  "clw":64,
  "failed":true,
  "test":440,
  "testComplexity":2163265149.8977275,
  "timeOut":false,
  "trans":69
}