{
  "avg_addr":818.5714285714286,
  "avg_data":1905504125.142857,
  "avg_type":0.5,
  "cacheSize":128,
  "clw":64,
  "failed":true,
  "test":67,
  "testComplexity":1905504944.2142856,
  "timeOut":false,
  "trans":10
}