{
  "avg_addr":170.66666666666666,
  "avg_data":2180596220.0,
  "avg_type":0.0,
  "cacheSize":128,
  "clw":64,
  "failed":true,
  "test":15,
  "testComplexity":2180596390.6666665,
  "timeOut":false,
  "trans":3
}