{
  "avg_addr":732.0,
  "avg_data":2069218353.2391305,
  "avg_type":0.5,
  "cacheSize":128,
  "clw":64,
  "failed":true,
  "test":229,
  "testComplexity":2069219085.7391305,
  "timeOut":false,
  "trans":18
}