{
  "avg_addr":730.6133333333333,
  "avg_data":2050799304.7066667,
  "avg_type":0.4666666666666667,
  "cacheSize":128,
  "clw":64,
  "failed":true,
  "test":372,
  "testComplexity":2050800035.7866666,
  "timeOut":false,
  "trans":58
}