{
  "avg_addr":1057.3333333333333,
  "avg_data":2601591322.6666665,
  "avg_type":0.6666666666666666,
  "cacheSize":128,
  "clw":64,
  "failed":true,
  "test":15,
  "testComplexity":2601592380.6666665,
  "timeOut":false,
  "trans":3
}