{
  "avg_addr":929.8367346938776,
  "avg_data":2102143264.0204082,
  "avg_type":0.5510204081632653,
  "cacheSize":128,
  "clw":64,
  "failed":true,
  "test":488,
  "testComplexity":2102144194.4081633,
  "timeOut":false,
  "trans":96
}