{
  "avg_addr":726.4186046511628,
  "avg_data":2386970481.372093,
  "avg_type":0.5348837209302325,
  "cacheSize":128,
  "clw":64,
  "failed":true,
  "test":213,
  "testComplexity":2386971208.3255816,
  "timeOut":false,
  "trans":38
}