{
  "avg_addr":803.4358974358975,
  "avg_data":2350715756.1923075,
  "avg_type":0.44871794871794873,
  "cacheSize":128,
  "clw":64,
  "failed":true,
  "test":387,
  "testComplexity":2350716560.076923,
  "timeOut":false,
  "trans":76
}