{
  "avg_addr":829.0526315789474,
  "avg_data":2259688724.894737,
  "avg_type":0.5789473684210527,
  "cacheSize":128,
  "clw":64,
  "failed":true,
  "test":92,
  "testComplexity":2259689554.5263157,
  "timeOut":false,
  "trans":18
}