{
  "avg_addr":713.3333333333334,
  "avg_data":1566614483.1666667,
  "avg_type":0.16666666666666666,
  "cacheSize":128,
  "clw":64,
  "failed":true,
  "test":27,
  "testComplexity":1566615196.6666667,
  "timeOut":false,
  "trans":5
}