{
  "avg_addr":767.3793103448276,
  "avg_data":2125444869.2068965,
  "avg_type":0.5689655172413793,
  "cacheSize":128,
  "clw":64,
  "failed":true,
  "test":290,
  "testComplexity":2125445637.1551723,
  "timeOut":false,
  "trans":51
}