{
  "avg_addr":671.6363636363636,
  "avg_data":1730960158.2727273,
  "avg_type":0.45454545454545453,
  "cacheSize":128,
  "clw":64,
  "failed":true,
  "test":51,
  "testComplexity":1730960830.3636363,
  "timeOut":false,
  "trans":6
}