{
  "avg_addr":889.4320987654321,
  "avg_data":2032347288.0,
  "avg_type":0.49382716049382713,
  "cacheSize":256,
  "clw":64,
  "failed":true,
  "test":899,
  "testComplexity":2032348177.925926,
  "timeOut":false,
  "trans":55
}