{
  "avg_addr":857.5675675675676,
  "avg_data":2032230805.108108,
  "avg_type":0.5135135135135135,
  "cacheSize":128,
  "clw":64,
  "failed":true,
  "test":368,
  "testComplexity":2032231663.1891892,
  "timeOut":false,
  "trans":49
}