{
  "avg_addr":790.566037735849,
  "avg_data":2290878262.3773584,
  "avg_type":0.5094339622641509,
  "cacheSize":128,
  "clw":64,
  "failed":true,
  "test":262,
  "testComplexity":2290879053.4528303,
  "timeOut":false,
  "trans":30
}