{
  "avg_addr":900.0,
  "avg_data":2106040561.6764705,
  "avg_type":0.5882352941176471,
  "cacheSize":128,
  "clw":64,
  "failed":true,
  "test":340,
  "testComplexity":2106041462.264706,
  "timeOut":false,
  "trans":33
}