{
  "avg_addr":795.0967741935484,
  "avg_data":2001603123.935484,
  "avg_type":0.3548387096774194,
  "cacheSize":128,
  "clw":64,
  "failed":true,
  "test":155,
  "testComplexity":2001603919.387097,
  "timeOut":false,
  "trans":30
}