{
  "avg_addr":787.2,
  "avg_data":2409084733.2363634,
  "avg_type":0.4909090909090909,
  "cacheSize":256,
  "clw":64,
  "failed":true,
  "test":766,
  "testComplexity":2409085520.927273,
  "timeOut":false,
  "trans":25
}