{
  "avg_addr":714.8571428571429,
  "avg_data":1825433561.7142856,
  "avg_type":0.7142857142857143,
  "cacheSize":128,
  "clw":64,
  "failed":true,
  "test":32,
  "testComplexity":1825434277.2857144,
  "timeOut":false,
  "trans":7
}