{
  "avg_addr":779.8125,
  "avg_data":2280111721.953125,
  "avg_type":0.578125,
  "cacheSize":128,
  "clw":64,
  "failed":true,
  "test":318,
  "testComplexity":2280112502.34375,
  "timeOut":false,
  "trans":58
}