{
  "avg_addr":883.4285714285714,
  "avg_data":2068260268.2142856,
  "avg_type":0.5,
  "cacheSize":128,
  "clw":64,
  "failed":true,
  "test":207,
  "testComplexity":2068261152.142857,
  "timeOut":false,
  "trans":27
}