{
  "avg_addr":716.8275862068965,
  "avg_data":2130282738.689655,
  "avg_type":0.3793103448275862,
  "cacheSize":128,
  "clw":64,
  "failed":true,
  "test":144,
  "testComplexity":2130283455.8965516,
  "timeOut":false,
  "trans":17
}