{
  "avg_addr":621.7777777777778,
  "avg_data":2587963152.6666665,
  "avg_type":0.4444444444444444,
  "cacheSize":128,
  "clw":64,
  "failed":true,
  "test":45,
  "testComplexity":2587963774.888889,
  "timeOut":false,
  "trans":7
}