{
  "avg_addr":808.3888888888889,
  "avg_data":2053497070.3055556,
  "avg_type":0.4027777777777778,
  "cacheSize":256,
  "clw":64,
  "failed":true,
  "test":854,
  "testComplexity":2053497879.0972223,
  "timeOut":false,
  "trans":61
}