{
  "avg_addr":913.8412698412699,
  "avg_data":2568378930.4920635,
  "avg_type":0.5238095238095238,
  "cacheSize":256,
  "clw":64,
  "failed":true,
  "test":809,
  "testComplexity":2568379844.857143,
  "timeOut":false,
  "trans":56
}