{
  "avg_addr":798.9767441860465,
  "avg_data":2281551685.860465,
  "avg_type":0.5116279069767442,
  "cacheSize":128,
  "clw":64,
  "failed":true,
  "test":427,
  "testComplexity":2281552485.3488374,
  "timeOut":false,
  "trans":78
}