{
  "avg_addr":744.6582278481013,
  "avg_data":2252304726.113924,
  "avg_type":0.3924050632911392,
  "cacheSize":128,
  "clw":64,
  "failed":true,
  "test":392,
  "testComplexity":2252305471.164557,
  "timeOut":false,
  "trans":52
}