{
  "avg_addr":753.8507462686567,
  "avg_data":2229409888.0,
  "avg_type":0.6119402985074627,
  "cacheSize":128,
  "clw":64,
  "failed":true,
  "test":332,
  "testComplexity":2229410642.4626865,
  "timeOut":false,
  "trans":48
}