{
  "avg_addr":894.1621621621622,
  "avg_data":2436141244.081081,
  "avg_type":0.40540540540540543,
  "cacheSize":128,
  "clw":64,
  "failed":true,
  "test":181,
  "testComplexity":2436142138.6486487,
  "timeOut":false,
  "trans":28
}