{
  "avg_addr":717.9285714285714,
  "avg_data":2108379924.267857,
  "avg_type":0.6785714285714286,
  "cacheSize":128,
  "clw":64,
  "failed":true,
  "test":279,
  "testComplexity":2108380642.875,
  "timeOut":false,
  "trans":42
}