{
  "avg_addr":831.0769230769231,
  "avg_data":2109305352.7307692,
  "avg_type":0.47435897435897434,
  "cacheSize":128,
  "clw":64,
  "failed":true,
  "test":386,
  "testComplexity":2109306184.2820513,
  "timeOut":false,
  "trans":52
}