{
  "avg_addr":769.1219512195122,
  "avg_data":2116033851.402439,
  "avg_type":0.5,
  "cacheSize":256,
  "clw":64,
  "failed":true,
  "test":903,
  "testComplexity":2116034621.0243902,
  "timeOut":false,
  "trans":77
}