{
  "avg_addr":854.6835443037975,
  "avg_data":2247035067.493671,
  "avg_type":0.5063291139240507,
  "cacheSize":128,
  "clw":64,
  "failed":true,
  "test":392,
  "testComplexity":2247035922.683544,
  "timeOut":false,
  "trans":55
}