{
  "avg_addr":773.8181818181819,
  "avg_data":1892948163.6969697,
  "avg_type":0.5151515151515151,
  "cacheSize":128,
  "clw":64,
  "failed":true,
  "test":161,
  "testComplexity":1892948938.030303,
  "timeOut":false,
  "trans":33
}