{
  "avg_addr":845.125,
  "avg_data":1877861503.90625,
  "avg_type":0.453125,
  "cacheSize":256,
  "clw":64,
  "failed":true,
  "test":815,
  "testComplexity":1877862349.484375,
  "timeOut":false,
  "trans":45
}