{
  "avg_addr":795.6962025316456,
  "avg_data":2182552121.64557,
  "avg_type":0.4810126582278481,
  "cacheSize":128,
  "clw":64,
  "failed":true,
  "test":395,
  "testComplexity":2182552917.822785,
  "timeOut":false,
  "trans":72
}