{
  "avg_addr":833.4418604651163,
  "avg_data":2203703906.8139534,
  "avg_type":0.5116279069767442,
  "cacheSize":128,
  "clw":64,
  "failed":true,
  "test":430,
  "testComplexity":2203704740.7674417,
  "timeOut":false,
  "trans":75
}