{
  "avg_addr":778.077922077922,
  "avg_data":2003501621.2337663,
  "avg_type":0.5454545454545454,
  "cacheSize":128,
  "clw":64,
  "failed":true,
  "test":383,
  "testComplexity":2003502399.857143,
  "timeOut":false,
  "trans":38
}