{
  "avg_addr":821.75,
  "avg_data":1964137051.421875,
  "avg_type":0.484375,
  "cacheSize":128,
  "clw":64,
  "failed":true,
  "test":318,
  "testComplexity":1964137873.65625,
  "timeOut":false,
  "trans":55
}