{
  "avg_addr":752.1363636363636,
  "avg_data":2243132348.3295455,
  "avg_type":0.45454545454545453,
  "cacheSize":128,
  "clw":64,
  "failed":true,
  "test":438,
  "testComplexity":2243133100.9204545,
  "timeOut":false,
  "trans":82
}