{
  "avg_addr":766.4166666666666,
  "avg_data":2259434809.8020835,
  "avg_type":0.4791666666666667,
  "cacheSize":128,
  "clw":64,
  "failed":true,
  "test":479,
  "testComplexity":2259435576.6979165,
  "timeOut":false,
  "trans":85
}