{
  "avg_addr":868.2539682539683,
  "avg_data":2209935966.015873,
  "avg_type":0.4444444444444444,
  "cacheSize":128,
  "clw":64,
  "failed":true,
  "test":314,
  "testComplexity":2209936834.714286,
  "timeOut":false,
  "trans":63
}