{
  "avg_addr":825.5064935064935,
  "avg_data":1917905890.4545455,
  "avg_type":0.4675324675324675,
  "cacheSize":128,
  "clw":64,
  "failed":true,
  "test":381,
  "testComplexity":1917906716.4285715,
  "timeOut":false,
  "trans":39
}