{
  "avg_addr":803.1176470588235,
  "avg_data":2190370711.647059,
  "avg_type":0.45588235294117646,
  "cacheSize":128,
  "clw":64,
  "failed":true,
  "test":337,
  "testComplexity":2190371515.220588,
  "timeOut":false,
  "trans":60
}