{
  "avg_addr":780.7058823529412,
  "avg_data":1934948063.4705882,
  "avg_type":0.35294117647058826,
  "cacheSize":128,
  "clw":64,
  "failed":true,
  "test":81,
  "testComplexity":1934948844.5294118,
  "timeOut":false,
  "trans":11
}