{
  "avg_addr":774.6666666666666,
  "avg_data":3081773941.0,
  "avg_type":1.0,
  "cacheSize":128,
  "clw":64,
  "failed":true,
  "test":13,
  "testComplexity":3081774716.6666665,
  "timeOut":false,
  "trans":3
}