{
  "avg_addr":648.0,
  "avg_data":1843415871.3333333,
  "avg_type":1.0,
  "cacheSize":128,
  "clw":64,
  "failed":true,
  "test":11,
  "testComplexity":1843416520.3333333,
  "timeOut":false,
  "trans":3
}