{
  "avg_addr":738.4,
  "avg_data":2455964126.633333,
  "avg_type":0.35,
  "cacheSize":128,
  "clw":64,
  "failed":true,
  "test":300,
  "testComplexity":2455964865.383333,
  "timeOut":false,
  "trans":56
}