{
  "avg_addr":829.2173913043479,
  "avg_data":2229929928.0869565,
  "avg_type":0.42028985507246375,
  "cacheSize":128,
  "clw":64,
  "failed":true,
  "test":345,
  "testComplexity":2229930757.7246375,
  "timeOut":false,
  "trans":27
}