{
  "avg_addr":746.6666666666666,
  "avg_data":2178205357.3809524,
  "avg_type":0.5,
  "cacheSize":256,
  "clw":64,
  "failed":true,
  "test":704,
  "testComplexity":2178206104.547619,
  "timeOut":false,
  "trans":36
}