{
  "avg_addr":711.8260869565217,
  "avg_data":2219898284.7391305,
  "avg_type":0.5434782608695652,
  "cacheSize":128,
  "clw":64,
  "failed":true,
  "test":228,
  "testComplexity":2219898997.1086955,
  "timeOut":false,
  "trans":24
}