{
  "avg_addr":837.5157894736842,
  "avg_data":2165303809.9157896,
  "avg_type":0.5368421052631579,
  "cacheSize":4096,
  "clw":128,
  "failed":true,
  "test":35,
  "testComplexity":2165304647.968421,
  "timeOut":false,
  "trans":74
}