{
  "avg_addr":842.7826086956521,
  "avg_data":2174234309.8369565,
  "avg_type":0.532608695652174,
  "cacheSize":8192,
  "clw":512,
  "failed":false,
  "test":100,
  "testComplexity":2174235153.152174,
  "timeOut":false,
  "trans":92
}