{
  "avg_addr":768.7457627118644,
  "avg_data":1980288041.8983052,
  "avg_type":0.423728813559322,
  "cacheSize":4096,
  "clw":64,
  "failed":true,
  "test":1,
  "testComplexity":1980288811.0677967,
  "timeOut":false,
  "trans":1
}