{
  "avg_addr":824.3582089552239,
  "avg_data":2020762389.6119404,
  "avg_type":0.47761194029850745,
  "cacheSize":2048,
  "clw":512,
  "failed":true,
  "test":1,
  "testComplexity":2020763214.4477613,
  "timeOut":false,
  "trans":0
}