{
  "avg_addr":812.047619047619,
  "avg_data":1996251377.857143,
  "avg_type":0.4642857142857143,
  "cacheSize":16384,
  "clw":1024,
  "failed":true,
  "test":1,
  "testComplexity":1996252190.3690476,
  "timeOut":false,
  "trans":2
}