{
  "avg_addr":792.7826086956521,
  "avg_data":2184552655.3369565,
  "avg_type":0.43478260869565216,
  "cacheSize":4096,
  "clw":256,
  "failed":true,
  "test":29,
  "testComplexity":2184553448.554348,
  "timeOut":false,
  "trans":0
}