{
  "avg_addr":825.9333333333333,
  "avg_data":2344923871.4,
  "avg_type":0.48333333333333334,
  "cacheSize":256,
  "clw":128,
  "failed":true,
  "test":1,
  "testComplexity":2344924697.8166666,
  "timeOut":false,
  "trans":1
}