{
  "avg_addr":866.0952380952381,
  "avg_data":2214782575.095238,
  "avg_type":0.5714285714285714,
  "cacheSize":16384,
  "clw":1024,
  "failed":true,
  "test":1,
  "testComplexity":2214783441.7619047,
  "timeOut":false,
  "trans":1
}