{
  "avg_addr":911.4074074074074,
  "avg_data":2209984720.703704,
  "avg_type":0.5,
  "cacheSize":256,
  "clw":64,
  "failed":true,
  "test":1,
  "testComplexity":2209985632.611111,
  "timeOut":false,
  "trans":6
}