{
  "avg_addr":849.1914893617021,
  "avg_data":1939987794.4893618,
  "avg_type":0.4574468085106383,
  "cacheSize":2048,
  "clw":256,
  "failed":true,
  "test":5,
  "testComplexity":1939988644.1382978,
  "timeOut":false,
  "trans":78
}