{
  "avg_addr":807.9587628865979,
  "avg_data":2211102996.14433,
  "avg_type":0.4845360824742268,
  "cacheSize":8192,
  "clw":1024,
  "failed":true,
  "test":23,
  "testComplexity":2211103804.587629,
  "timeOut":false,
  "trans":20
}