{
  "avg_addr":855.3846153846154,
  "avg_data":2084395255.4102564,
  "avg_type":0.48717948717948717,
  "cacheSize":256,
  "clw":64,
  "failed":true,
  "test":1,
  "testComplexity":2084396111.2820513,
  "timeOut":false,
  "trans":4
}