{
  "avg_addr":833.8095238095239,
  "avg_data":1914504032.1904762,
  "avg_type":0.42857142857142855,
  "cacheSize":8192,
  "clw":512,
  "failed":true,
  "test":1,
  "testComplexity":1914504866.4285715,
  "timeOut":false,
  "trans":0
}