{
  "avg_addr":719.9493670886076,
  "avg_data":2073166390.5696204,
  "avg_type":0.3924050632911392,
  "cacheSize":4096,
  "clw":128,
  "failed":true,
  "test":4,
  "testComplexity":2073167110.9113925,
  "timeOut":false,
  "trans":67
}