{
  "avg_addr":868.9473684210526,
  "avg_data":2337777361.9078946,
  "avg_type":0.618421052631579,
  "cacheSize":1024,
  "clw":512,
  "failed":true,
  "test":1,
  "testComplexity":2337778231.4736843,
  "timeOut":false,
  "trans":3
}