{
  "avg_addr":851.2173913043479,
  "avg_data":2178091150.869565,
  "avg_type":0.45652173913043476,
  "cacheSize":16384,
  "clw":128,
  "failed":true,
  "test":1,
  "testComplexity":2178092002.5434785,
  "timeOut":false,
  "trans":1
}