{
  "avg_addr":730.7368421052631,
  "avg_data":1946760624.8157895,
  "avg_type":0.4473684210526316,
  "cacheSize":2048,
  "clw":1024,
  "failed":true,
  "test":29,
  "testComplexity":1946761356.0,
  "timeOut":false,
  "trans":61
}