{
  "avg_addr":867.6962025316456,
  "avg_data":1882039320.1392405,
  "avg_type":0.4936708860759494,
  "cacheSize":2048,
  "clw":1024,
  "failed":true,
  "test":4,
  "testComplexity":1882040188.329114,
  "timeOut":false,
  "trans":48
}