{
  "avg_addr":767.5,
  "avg_data":2092631971.5681818,
  "avg_type":0.3977272727272727,
  "cacheSize":512,
  "clw":64,
  "failed":true,
  "test":1,
  "testComplexity":2092632739.465909,
  "timeOut":false,
  "trans":4
}