{
  "avg_addr":781.6744186046511,
  "avg_data":2047284823.0,
  "avg_type":0.5116279069767442,
  "cacheSize":2048,
  "clw":256,
  "failed":true,
  "test":2,
  "testComplexity":2047285605.1860466,
  "timeOut":false,
  "trans":69
}