{
  "avg_addr":816.2461538461539,
  "avg_data":1923595934.123077,
  "avg_type":0.5692307692307692,
  "cacheSize":2048,
  "clw":512,
  "failed":true,
  "test":2,
  "testComplexity":1923596750.9384615,
  "timeOut":false,
  "trans":58
}