{
  "avg_addr":837.2558139534884,
  "avg_data":2100839045.2558138,
  "avg_type":0.45348837209302323,
  "cacheSize":2048,
  "clw":256,
  "failed":true,
  "test":5,
  "testComplexity":2100839882.9651163,
  "timeOut":false,
  "trans":55
}