{
  "avg_addr":772.4943820224719,
  "avg_data":2174609713.988764,
  "avg_type":0.5393258426966292,
  "cacheSize":4096,
  "clw":1024,
  "failed":true,
  "test":32,
  "testComplexity":2174610487.022472,
  "timeOut":false,
  "trans":79
}