{
  "avg_addr":806.3720930232558,
  "avg_data":2281268001.162791,
  "avg_type":0.5,
  "cacheSize":16384,
  "clw":512,
  "failed":true,
  "test":1,
  "testComplexity":2281268808.0348835,
  "timeOut":false,
  "trans":48
}