{
  "avg_addr":888.7179487179487,
  "avg_data":2075114631.1923077,
  "avg_type":0.4230769230769231,
  "cacheSize":4096,
  "clw":1024,
  "failed":true,
  "test":1,
  "testComplexity":2075115520.3333333,
  "timeOut":false,
  "trans":0
}