{
  "avg_addr":619.7647058823529,
  "avg_data":2423628874.4117646,
  "avg_type":0.5294117647058824,
  "cacheSize":512,
  "clw":128,
  "failed":true,
  "test":1,
  "testComplexity":2423629494.7058825,
  "timeOut":false,
  "trans":1
}