{
  "avg_addr":824.271186440678,
  "avg_data":1893026256.559322,
  "avg_type":0.4915254237288136,
  "cacheSize":16384,
  "clw":256,
  "failed":false,
  "test":150,
  "testComplexity":1893027081.322034,
  "timeOut":false,
  "trans":59
}