{
  "avg_addr":905.968253968254,
  "avg_data":2058289374.7301588,
  "avg_type":0.5396825396825397,
  "cacheSize":8192,
  "clw":1024,
  "failed":true,
  "test":18,
  "testComplexity":2058290281.2380953,
  "timeOut":false,
  "trans":48
}