{
  "avg_addr":867.1372549019608,
  "avg_data":2253019111.529412,
  "avg_type":0.5098039215686274,
  "cacheSize":2048,
  "clw":256,
  "failed":true,
  "test":3,
  "testComplexity":2253019979.1764708,
  "timeOut":false,
  "trans":19
}