{
  "avg_addr":835.8636363636364,
  "avg_data":2171306593.9886365,
  "avg_type":0.5568181818181818,
  "cacheSize":4096,
  "clw":1024,
  "failed":true,
  "test":8,
  "testComplexity":2171307430.409091,
  "timeOut":false,
  "trans":87
}