{
  "avg_addr":858.3265306122449,
  "avg_data":2270320027.0306125,
  "avg_type":0.45918367346938777,
  "cacheSize":2048,
  "clw":1024,
  "failed":true,
  "test":46,
  "testComplexity":2270320885.8163266,
  "timeOut":false,
  "trans":73
}