{
  "avg_addr":890.2117647058824,
  "avg_data":2197698410.670588,
  "avg_type":0.5411764705882353,
  "cacheSize":131072,
  "clw":1024,
  "failed":true,
  "test":1,
  "testComplexity":2197699301.4235296,
  "timeOut":false,
  "trans":5
}