{
  "avg_addr":784.9887640449438,
  "avg_data":2299994600.247191,
  "avg_type":0.4943820224719101,
  "cacheSize":1024,
  "clw":64,
  "failed":true,
  "test":2,
  "testComplexity":2299995385.730337,
  "timeOut":false,
  "trans":37
}