{
  "avg_addr":826.9866666666667,
  "avg_data":2114040630.7733333,
  "avg_type":0.52,
  "cacheSize":32768,
  "clw":256,
  "failed":true,
  "test":1,
  "testComplexity":2114041458.28,
  "timeOut":false,
  "trans":16
}