{
  "avg_addr":796.421052631579,
  "avg_data":2062414369.9473684,
  "avg_type":0.631578947368421,
  "cacheSize":1024,
  "clw":512,
  "failed":true,
  "test":1,
  "testComplexity":2062415167.0,
  "timeOut":false,
  "trans":1
}