{
  "avg_addr":791.7446808510638,
  "avg_data":2047426620.6382978,
  "avg_type":0.425531914893617,
  "cacheSize":65536,
  "clw":512,
  "failed":true,
  "test":1,
  "testComplexity":2047427412.8085105,
  "timeOut":false,
  "trans":0
}