{
  "avg_addr":824.0444444444445,
  "avg_data":2168654777.2222223,
  "avg_type":0.45555555555555555,
  "cacheSize":8192,
  "clw":1024,
  "failed":true,
  "test":50,
  "testComplexity":2168655601.7222223,
  "timeOut":false,
  "trans":66
}