{
  "avg_addr":898.5384615384615,
  "avg_data":2050684400.4230769,
  "avg_type":0.4423076923076923,
  "cacheSize":512,
  "clw":64,
  "failed":true,
  "test":1,
  "testComplexity":2050685299.4038463,
  "timeOut":false,
  "trans":2
}