{
  "avg_addr":788.918918918919,
  "avg_data":2019253868.337838,
  "avg_type":0.4189189189189189,
  "cacheSize":32768,
  "clw":512,
  "failed":true,
  "test":1,
  "testComplexity":2019254657.6756756,
  "timeOut":false,
  "trans":1
}