{
  "avg_addr":833.8947368421053,
  "avg_data":2034517457.8,
  "avg_type":0.4631578947368421,
  "cacheSize":2048,
  "clw":1024,
  "failed":true,
  "test":1,
  "testComplexity":2034518292.1578948,
  "timeOut":false,
  "trans":1
}