{
  "avg_addr":848.6265060240963,
  "avg_data":2217918850.951807,
  "avg_type":0.5060240963855421,
  "cacheSize":16384,
  "clw":256,
  "failed":true,
  "test":1,
  "testComplexity":2217919700.084337,
  "timeOut":false,
  "trans":7
}