{
  "avg_addr":762.1818181818181,
  "avg_data":2216409853.5454545,
  "avg_type":0.5151515151515151,
  "cacheSize":128,
  "clw":64,
  "failed":true,
  "test":1,
  "testComplexity":2216410616.242424,
  "timeOut":false,
  "trans":3
}