{
  "avg_addr":825.7142857142857,
  "avg_data":1708112242.4285715,
  "avg_type":0.2857142857142857,
  "cacheSize":8192,
  "clw":64,
  "failed":true,
  "test":1,
  "testComplexity":1708113068.4285715,
  "timeOut":false,
  "trans":2
}