{
  "avg_addr":715.0857142857143,
  "avg_data":2098339531.6285715,
  "avg_type":0.4,
  "cacheSize":65536,
  "clw":1024,
  "failed":true,
  "test":1,
  "testComplexity":2098340247.1142857,
  "timeOut":false,
  "trans":4
}