{
  "avg_addr":873.8723404255319,
  "avg_data":2326659306.191489,
  "avg_type":0.48936170212765956,
  "cacheSize":2048,
  "clw":256,
  "failed":true,
  "test":1,
  "testComplexity":2326660180.5531917,
  "timeOut":false,
  "trans":1
}