{
  "avg_addr":758.8095238095239,
  "avg_data":2041399946.5119047,
  "avg_type":0.5238095238095238,
  "cacheSize":16384,
  "clw":512,
  "failed":true,
  "test":1,
  "testComplexity":2041400705.8452382,
  "timeOut":false,
  "trans":1
}