{
  "avg_addr":887.8709677419355,
  "avg_data":2137924860.016129,
  "avg_type":0.5,
  "cacheSize":65536,
  "clw":512,
  "failed":true,
  "test":1,
  "testComplexity":2137925748.387097,
  "timeOut":false,
  "trans":1
}