{
  "avg_addr":764.6470588235294,
  "avg_data":2341167946.102941,
  "avg_type":0.39705882352941174,
  "cacheSize":4096,
  "clw":512,
  "failed":true,
  "test":1,
  "testComplexity":2341168711.147059,
  "timeOut":false,
  "trans":3
}