{
  "avg_addr":702.2857142857143,
  "avg_data":2122770031.0238094,
  "avg_type":0.5476190476190477,
  "cacheSize":8192,
  "clw":512,
  "failed":true,
  "test":1,
  "testComplexity":2122770733.857143,
  "timeOut":false,
  "trans":3
}