{
  "avg_addr":673.2682926829268,
  "avg_data":2210741411.0731707,
  "avg_type":0.43902439024390244,
  "cacheSize":4096,
  "clw":512,
  "failed":true,
  "test":18,
  "testComplexity":2210742084.780488,
  "timeOut":false,
  "trans":34
}