{
  "avg_addr":505.3333333333333,
  "avg_data":1905610884.8333333,
  "avg_type":0.5,
  "cacheSize":32768,
  "clw":256,
  "failed":true,
  "test":1,
  "testComplexity":1905611390.6666667,
  "timeOut":false,
  "trans":1
}