{
  "avg_addr":883.2989690721649,
  "avg_data":2156428967.9484534,
  "avg_type":0.5051546391752577,
  "cacheSize":8192,
  "clw":64,
  "failed":false,
  "test":100,
  "testComplexity":2156429851.7525773,
  "timeOut":false,
  "trans":97
}