{
  "avg_addr":762.1609195402299,
  "avg_data":2138700929.862069,
  "avg_type":0.42528735632183906,
  "cacheSize":8192,
  "clw":256,
  "failed":true,
  "test":1,
  "testComplexity":2138701692.4482758,
  "timeOut":false,
  "trans":1
}