{
  "avg_addr":746.1728395061729,
  "avg_data":2351205710.0246916,
  "avg_type":0.5308641975308642,
  "cacheSize":512,
  "clw":64,
  "failed":true,
  "test":13,
  "testComplexity":2351206456.728395,
  "timeOut":false,
  "trans":49
}