{
  "avg_addr":776.6666666666666,
  "avg_data":1999109654.3666666,
  "avg_type":0.43333333333333335,
  "cacheSize":16384,
  "clw":512,
  "failed":true,
  "test":1,
  "testComplexity":1999110431.4666667,
  "timeOut":false,
  "trans":2
}