{
  "avg_addr":772.390243902439,
  "avg_data":2226466417.365854,
  "avg_type":0.4878048780487805,
  "cacheSize":4096,
  "clw":512,
  "failed":true,
  "test":62,
  "testComplexity":2226467190.243902,
  "timeOut":false,
  "trans":54
}