{
  "avg_addr":751.5757575757576,
  "avg_data":2230941778.151515,
  "avg_type":0.5151515151515151,
  "cacheSize":1024,
  "clw":64,
  "failed":true,
  "test":1,
  "testComplexity":2230942530.242424,
  "timeOut":false,
  "trans":20
}