{
  "avg_addr":824.6117647058824,
  "avg_data":2161142744.2352943,
  "avg_type":0.5294117647058824,
  "cacheSize":8192,
  "clw":1024,
  "failed":true,
  "test":1,
  "testComplexity":2161143569.3764706,
  "timeOut":false,
  "trans":1
}