{
  "avg_addr":879.1666666666666,
  "avg_data":2306691971.5,
  "avg_type":0.5833333333333334,
  "cacheSize":8192,
  "clw":1024,
  "failed":true,
  "test":27,
  "testComplexity":2306692851.25,
  "timeOut":false,
  "trans":40
}