{
  "avg_addr":805.469387755102,
  "avg_data":2302333428.4897957,
  "avg_type":0.5612244897959183,
  "cacheSize":4096,
  "clw":512,
  "failed":true,
  "test":54,
  "testComplexity":2302334234.520408,
  "timeOut":false,
  "trans":26
}