{
  "avg_addr":748.7692307692307,
  "avg_data":1865012963.7307692,
  "avg_type":0.5,
  "cacheSize":2048,
  "clw":1024,
  "failed":true,
  "test":1,
  "testComplexity":1865013713.0,
  "timeOut":false,
  "trans":1
}