{
  "avg_addr":715.5471698113207,
  "avg_data":1998896468.9433963,
  "avg_type":0.5283018867924528,
  "cacheSize":1024,
  "clw":128,
  "failed":true,
  "test":29,
  "testComplexity":1998897185.018868,
  "timeOut":false,
  "trans":33
}