{
  "avg_addr":784.9896907216495,
  "avg_data":2000782156.8659794,
  "avg_type":0.422680412371134,
  "cacheSize":2048,
  "clw":128,
  "failed":true,
  "test":8,
  "testComplexity":2000782942.2783506,
  "timeOut":false,
  "trans":95
}