{
  "avg_addr":785.4035087719299,
  "avg_data":2006617144.631579,
  "avg_type":0.5087719298245614,
  "cacheSize":4096,
  "clw":512,
  "failed":false,
  "test":150,
  "testComplexity":2006617930.5438597,
  "timeOut":false,
  "trans":57
}