{
  "avg_addr":768.9444444444445,
  "avg_data":2168640856.5972223,
  "avg_type":0.4583333333333333,
  "cacheSize":2048,
  "clw":512,
  "failed":true,
  "test":34,
  "testComplexity":2168641626.0,
  "timeOut":false,
  "trans":37
}