{
  "avg_addr":742.6987951807229,
  "avg_data":2167493797.120482,
  "avg_type":0.5180722891566265,
  "cacheSize":4096,
  "clw":512,
  "failed":true,
  "test":17,
  "testComplexity":2167494540.3373494,
  "timeOut":false,
  "trans":51
}