{
  "avg_addr":814.3820224719101,
  "avg_data":2141701604.6966293,
  "avg_type":0.39325842696629215,
  "cacheSize":8192,
  "clw":1024,
  "failed":true,
  "test":1,
  "testComplexity":2141702419.47191,
  "timeOut":false,
  "trans":1
}