{
  "avg_addr":820.7901234567901,
  "avg_data":2269038042.2098765,
  "avg_type":0.5432098765432098,
  "cacheSize":1024,
  "clw":256,
  "failed":true,
  "test":1,
  "testComplexity":2269038863.54321,
  "timeOut":false,
  "trans":3
}