{
  "avg_addr":740.6274509803922,
  "avg_data":2571630983.0,
  "avg_type":0.45098039215686275,
  "cacheSize":2048,
  "clw":1024,
  "failed":true,
  "test":1,
  "testComplexity":2571631724.0784316,
  "timeOut":false,
  "trans":0
}