{
  "avg_addr":748.7792207792207,
  "avg_data":2005772481.7012987,
  "avg_type":0.4935064935064935,
  "cacheSize":8192,
  "clw":512,
  "failed":true,
  "test":15,
  "testComplexity":2005773230.974026,
  "timeOut":false,
  "trans":64
}