{
  "avg_addr":881.2307692307693,
  "avg_data":2023406199.7307692,
  "avg_type":0.5128205128205128,
  "cacheSize":8192,
  "clw":1024,
  "failed":true,
  "test":107,
  "testComplexity":2023407081.474359,
  "timeOut":false,
  "trans":31
}