{
  "avg_addr":634.8235294117648,
  "avg_data":2173784455.2352943,
  "avg_type":0.47058823529411764,
  "cacheSize":256,
  "clw":64,
  "failed":true,
  "test":1,
  "testComplexity":2173785090.529412,
  "timeOut":false,
  "trans":16
}