{
  "avg_addr":701.7142857142857,
  "avg_data":2090572203.9642856,
  "avg_type":0.6071428571428571,
  "cacheSize":2048,
  "clw":128,
  "failed":true,
  "test":1,
  "testComplexity":2090572906.2857144,
  "timeOut":false,
  "trans":4
}