{
  "avg_addr":740.2380952380952,
  "avg_data":1987363618.797619,
  "avg_type":0.5714285714285714,
  "cacheSize":512,
  "clw":128,
  "failed":true,
  "test":1,
  "testComplexity":1987364359.607143,
  "timeOut":false,
  "trans":16
}