{
  "avg_addr":816.4102564102565,
  "avg_data":2060632537.4102564,
  "avg_type":0.6666666666666666,
  "cacheSize":256,
  "clw":128,
  "failed":true,
  "test":47,
  "testComplexity":2060633354.4871795,
  "timeOut":false,
  "trans":28
}