{
  "avg_addr":779.1666666666666,
  "avg_data":2156485913.5833335,
  "avg_type":0.5416666666666666,
  "cacheSize":1024,
  "clw":128,
  "failed":true,
  "test":1,
  "testComplexity":2156486693.2916665,
  "timeOut":false,
  "trans":13
}