{
  "avg_addr":763.3333333333334,
  "avg_data":3186274646.3333335,
  "avg_type":0.16666666666666666,
  "cacheSize":16384,
  "clw":256,
  "failed":true,
  "test":1,
  "testComplexity":3186275409.8333335,
  "timeOut":false,
  "trans":1
}