{
  "avg_addr":789.4468085106383,
  "avg_data":2122302865.3829787,
  "avg_type":0.48936170212765956,
  "cacheSize":4096,
  "clw":1024,
  "failed":true,
  "test":16,
  "testComplexity":2122303655.319149,
  "timeOut":false,
  "trans":34
}