{
  "avg_addr":730.6526315789474,
  "avg_data":2176915778.968421,
  "avg_type":0.5263157894736842,
  "cacheSize":8192,
  "clw":1024,
  "failed":true,
  "test":3,
  "testComplexity":2176916510.1473684,
  "timeOut":false,
  "trans":56
}