{
  "avg_addr":846.1818181818181,
  "avg_data":2132964316.2045455,
  "avg_type":0.6136363636363636,
  "cacheSize":1024,
  "clw":512,
  "failed":true,
  "test":1,
  "testComplexity":2132965163.0,
  "timeOut":false,
  "trans":2
}