{
  "avg_addr":720.0816326530612,
  "avg_data":2082411044.1632652,
  "avg_type":0.4489795918367347,
  "cacheSize":8192,
  "clw":512,
  "failed":true,
  "test":2,
  "testComplexity":2082411764.6938775,
  "timeOut":false,
  "trans":36
}