{
  "avg_addr":824.875,
  "avg_data":1830302234.40625,
  "avg_type":0.4375,
  "cacheSize":2048,
  "clw":128,
  "failed":true,
  "test":1,
  "testComplexity":1830303059.71875,
  "timeOut":false,
  "trans":24
}