{
  "avg_addr":765.8909090909091,
  "avg_data":2319285383.4545455,
  "avg_type":0.509090909090909,
  "cacheSize":4096,
  "clw":64,
  "failed":false,
  "test":100,
  "testComplexity":2319286149.8545456,
  "timeOut":false,
  "trans":55
}