{
  "avg_addr":1018.6666666666666,
  "avg_data":2380501581.6666665,
  "avg_type":0.6666666666666666,
  "cacheSize":65536,
  "clw":1024,
  "failed":true,
  "test":1,
  "testComplexity":2380502601.0,
  "timeOut":false,
  "trans":0
}