{
  "avg_addr":774.9787234042553,
  "avg_data":2303065860.1702127,
  "avg_type":0.5,
  "cacheSize":2048,
  "clw":1024,
  "failed":true,
  "test":11,
  "testComplexity":2303066635.6489363,
  "timeOut":false,
  "trans":86
}