{
  "avg_addr":742.8823529411765,
  "avg_data":1907576727.0735295,
  "avg_type":0.47058823529411764,
  "cacheSize":1024,
  "clw":256,
  "failed":true,
  "test":1,
  "testComplexity":1907577470.4264705,
  "timeOut":false,
  "trans":1
}