{
  "avg_addr":699.9402985074627,
  "avg_data":2306885672.6567163,
  "avg_type":0.6119402985074627,
  "cacheSize":4096,
  "clw":64,
  "failed":true,
  "test":1,
  "testComplexity":2306886373.2089553,
  "timeOut":false,
  "trans":38
}