{
  "avg_addr":733.5151515151515,
  "avg_data":2212501125.151515,
  "avg_type":0.4696969696969697,
  "cacheSize":4096,
  "clw":256,
  "failed":true,
  "test":17,
  "testComplexity":2212501859.1363635,
  "timeOut":false,
  "trans":37
}