{
  "avg_addr":828.0533333333333,
  "avg_data":2289854262.3733335,
  "avg_type":0.6,
  "cacheSize":16384,
  "clw":256,
  "failed":true,
  "test":1,
  "testComplexity":2289855091.0266666,
  "timeOut":false,
  "trans":1
}