{
  "avg_addr":883.2727272727273,
  "avg_data":2293395189.7727275,
  "avg_type":0.5909090909090909,
  "cacheSize":8192,
  "clw":1024,
  "failed":false,
  "test":100,
  "testComplexity":2293396073.6363635,
  "timeOut":false,
  "trans":22
}