{
  "avg_addr":758.2105263157895,
  "avg_data":2123261775.8157895,
  "avg_type":0.4473684210526316,
  "cacheSize":2048,
  "clw":256,
  "failed":true,
  "test":3,
  "testComplexity":2123262534.4736843,
  "timeOut":false,
  "trans":29
}