{
  "avg_addr":813.2903225806451,
  "avg_data":1807287357.564516,
  "avg_type":0.4838709677419355,
  "cacheSize":65536,
  "clw":1024,
  "failed":true,
  "test":1,
  "testComplexity":1807288171.3387096,
  "timeOut":false,
  "trans":1
}