{
  "avg_addr":759.0697674418604,
  "avg_data":2086402258.0,
  "avg_type":0.5116279069767442,
  "cacheSize":16384,
  "clw":128,
  "failed":true,
  "test":1,
  "testComplexity":2086403017.5813954,
  "timeOut":false,
  "trans":20
}