{
  "avg_addr":786.2857142857143,
  "avg_data":2392919748.7936506,
  "avg_type":0.49206349206349204,
  "cacheSize":65536,
  "clw":1024,
  "failed":true,
  "test":1,
  "testComplexity":2392920535.571429,
  "timeOut":false,
  "trans":7
}