{
  "avg_addr":767.3142857142857,
  "avg_data":2353129450.1571426,
  "avg_type":0.5857142857142857,
  "cacheSize":8192,
  "clw":1024,
  "failed":true,
  "test":1,
  "testComplexity":2353130218.0571427,
  "timeOut":false,
  "trans":3
}