{
  "avg_addr":844.421052631579,
  "avg_data":2242028381.905263,
  "avg_type":0.5789473684210527,
  "cacheSize":2048,
  "clw":512,
  "failed":true,
  "test":9,
  "testComplexity":2242029226.905263,
  "timeOut":false,
  "trans":56
}