{
  "avg_addr":788.5128205128206,
  "avg_data":2207533829.1025643,
  "avg_type":0.4230769230769231,
  "cacheSize":1024,
  "clw":512,
  "failed":true,
  "test":1,
  "testComplexity":2207534618.0384617,
  "timeOut":false,
  "trans":7
}