{
  "avg_addr":920.4102564102565,
  "avg_data":1841721292.974359,
  "avg_type":0.38461538461538464,
  "cacheSize":4096,
  "clw":256,
  "failed":true,
  "test":1,
  "testComplexity":1841722213.7692308,
  "timeOut":false,
  "trans":0
}