{
  "avg_addr":852.3232323232323,
  "avg_data":2217165416.4646463,
  "avg_type":0.5252525252525253,
  "cacheSize":2048,
  "clw":128,
  "failed":true,
  "test":72,
  "testComplexity":2217166269.3131313,
  "timeOut":false,
  "trans":90
}