{
  "avg_addr":854.2564102564103,
  "avg_data":2206806485.8461537,
  "avg_type":0.5384615384615384,
  "cacheSize":16384,
  "clw":256,
  "failed":true,
  "test":1,
  "testComplexity":2206807340.6410255,
  "timeOut":false,
  "trans":1
}