{
  "avg_addr":859.2105263157895,
  "avg_data":2163494221.6842103,
  "avg_type":0.40789473684210525,
  "cacheSize":32768,
  "clw":512,
  "failed":true,
  "test":1,
  "testComplexity":2163495081.3026314,
  "timeOut":false,
  "trans":7
}