{
  "avg_addr":775.9512195121952,
  "avg_data":2162475861.097561,
  "avg_type":0.5,
  "cacheSize":4096,
  "clw":1024,
  "failed":true,
  "test":68,
  "testComplexity":2162476637.5487804,
  "timeOut":false,
  "trans":57
}