{
  "avg_addr":749.0909090909091,
  "avg_data":1962335128.090909,
  "avg_type":0.5151515151515151,
  "cacheSize":16384,
  "clw":256,
  "failed":true,
  "test":2,
  "testComplexity":1962335877.6969697,
  "timeOut":false,
  "trans":19
}