{
  "avg_addr":780.4,
  "avg_data":2099457252.3888888,
  "avg_type":0.6,
  "cacheSize":4096,
  "clw":1024,
  "failed":true,
  "test":24,
  "testComplexity":2099458033.3888888,
  "timeOut":false,
  "trans":73
}