{
  "avg_addr":831.5348837209302,
  "avg_data":2142986779.9302325,
  "avg_type":0.5348837209302325,
  "cacheSize":16384,
  "clw":128,
  "failed":true,
  "test":1,
  "testComplexity":2142987612.0,
  "timeOut":false,
  "trans":12
}