{
  "avg_addr":833.2903225806451,
  "avg_data":2052028858.580645,
  "avg_type":0.5161290322580645,
  "cacheSize":32768,
  "clw":512,
  "failed":true,
  "test":1,
  "testComplexity":2052029692.387097,
  "timeOut":false,
  "trans":10
}