{
  "avg_addr":743.7391304347826,
  "avg_data":2252653491.5869565,
  "avg_type":0.6413043478260869,
  "cacheSize":8192,
  "clw":1024,
  "failed":true,
  "test":79,
  "testComplexity":2252654235.9673915,
  "timeOut":false,
  "trans":54
}