{
  "avg_addr":731.6428571428571,
  "avg_data":2300673759.5,
  "avg_type":0.5178571428571429,
  "cacheSize":4096,
  "clw":512,
  "failed":true,
  "test":1,
  "testComplexity":2300674491.660714,
  "timeOut":false,
  "trans":1
}