{
  "avg_addr":826.2222222222222,
  "avg_data":2252112284.962963,
  "avg_type":0.5185185185185185,
  "cacheSize":2048,
  "clw":512,
  "failed":true,
  "test":13,
  "testComplexity":2252113111.703704,
  "timeOut":false,
  "trans":37
}