{
  "avg_addr":798.1176470588235,
  "avg_data":2187902970.9411764,
  "avg_type":0.47058823529411764,
  "cacheSize":8192,
  "clw":64,
  "failed":true,
  "test":2,
  "testComplexity":2187903769.529412,
  "timeOut":false,
  "trans":10
}