{
  "avg_addr":789.6216216216217,
  "avg_data":2118754574.6756756,
  "avg_type":0.47297297297297297,
  "cacheSize":512,
  "clw":128,
  "failed":true,
  "test":1,
  "testComplexity":2118755364.7702703,
  "timeOut":false,
  "trans":35
}