{
  "avg_addr":818.439024390244,
  "avg_data":2005124930.4390244,
  "avg_type":0.47560975609756095,
  "cacheSize":2048,
  "clw":128,
  "failed":true,
  "test":72,
  "testComplexity":2005125749.3536584,
  "timeOut":false,
  "trans":0
}