{
  "avg_addr":800.046511627907,
  "avg_data":2071719348.7093024,
  "avg_type":0.4883720930232558,
  "cacheSize":8192,
  "clw":512,
  "failed":true,
  "test":25,
  "testComplexity":2071720149.2441862,
  "timeOut":false,
  "trans":20
}