{
  "avg_addr":806.1894736842105,
  "avg_data":2154981008.463158,
  "avg_type":0.47368421052631576,
  "cacheSize":4096,
  "clw":256,
  "failed":false,
  "test":100,
  "testComplexity":2154981815.1263156,
  "timeOut":false,
  "trans":95
}