{
  "avg_addr":799.875,
  "avg_data":2270224707.3125,
  "avg_type":0.5104166666666666,
  "cacheSize":512,
  "clw":128,
  "failed":true,
  "test":28,
  "testComplexity":2270225507.6979165,
  "timeOut":false,
  "trans":0
}