{
  "avg_addr":970.5263157894736,
  "avg_data":1888075759.5263157,
  "avg_type":0.3157894736842105,
  "cacheSize":256,
  "clw":64,
  "failed":true,
  "test":1,
  "testComplexity":1888076730.368421,
  "timeOut":false,
  "trans":3
}