{
  "avg_addr":833.7560975609756,
  "avg_data":1854623395.8292682,
  "avg_type":0.5609756097560976,
  "cacheSize":2048,
  "clw":256,
  "failed":true,
  "test":74,
  "testComplexity":1854624230.1463416,
  "timeOut":false,
  "trans":76
}