{
  "avg_addr":794.3636363636364,
  "avg_data":2098274160.4545455,
  "avg_type":0.5757575757575758,
  "cacheSize":8192,
  "clw":1024,
  "failed":true,
  "test":1,
  "testComplexity":2098274955.3939395,
  "timeOut":false,
  "trans":12
}