{
  "avg_addr":804.6363636363636,
  "avg_data":2241917631.159091,
  "avg_type":0.5227272727272727,
  "cacheSize":8192,
  "clw":512,
  "failed":true,
  "test":9,
  "testComplexity":2241918436.318182,
  "timeOut":false,
  "trans":39
}