{
  "avg_addr":941.0980392156863,
  "avg_data":2376314253.980392,
  "avg_type":0.49019607843137253,
  "cacheSize":1024,
  "clw":128,
  "failed":true,
  "test":1,
  "testComplexity":2376315195.5686274,
  "timeOut":false,
  "trans":46
}