{
  "avg_addr":803.125,
  "avg_data":2212135183.71875,
  "avg_type":0.4270833333333333,
  "cacheSize":8192,
  "clw":256,
  "failed":true,
  "test":1,
  "testComplexity":2212135987.2708335,
  "timeOut":false,
  "trans":1
}