{
  "avg_addr":883.3684210526316,
  "avg_data":2162436150.2807016,
  "avg_type":0.49122807017543857,
  "cacheSize":4096,
  "clw":512,
  "failed":true,
  "test":1,
  "testComplexity":2162437034.140351,
  "timeOut":false,
  "trans":0
}