{
  "avg_addr":791.8730158730159,
  "avg_data":2215328009.714286,
  "avg_type":0.3968253968253968,
  "cacheSize":4096,
  "clw":512,
  "failed":true,
  "test":1,
  "testComplexity":2215328801.984127,
  "timeOut":false,
  "trans":3
}