{
  "avg_addr":697.9622641509434,
  "avg_data":2017523418.528302,
  "avg_type":0.49056603773584906,
  "cacheSize":8192,
  "clw":1024,
  "failed":true,
  "test":1,
  "testComplexity":2017524116.981132,
  "timeOut":false,
  "trans":1
}