{
  "avg_addr":924.2105263157895,
  "avg_data":2264016509.9473686,
  "avg_type":0.5,
  "cacheSize":2048,
  "clw":1024,
  "failed":true,
  "test":1,
  "testComplexity":2264017434.6578946,
  "timeOut":false,
  "trans":21
}