{
  "avg_addr":680.516129032258,
  "avg_data":1956164149.6290324,
  "avg_type":0.4838709677419355,
  "cacheSize":16384,
  "clw":128,
  "failed":true,
  "test":2,
  "testComplexity":1956164830.6290324,
  "timeOut":false,
  "trans":3
}