{
  "avg_addr":817.7333333333333,
  "avg_data":2301971944.0111113,
  "avg_type":0.5,
  "cacheSize":2048,
  "clw":512,
  "failed":true,
  "test":16,
  "testComplexity":2301972762.2444444,
  "timeOut":false,
  "trans":79
}