{
  "avg_addr":934.0,
  "avg_data":2280546070.0,
  "avg_type":0.8333333333333334,
  "cacheSize":4096,
  "clw":64,
  "failed":true,
  "test":1,
  "testComplexity":2280547004.8333335,
  "timeOut":false,
  "trans":2
}