{
  "avg_addr":712.1481481481482,
  "avg_data":2069070994.148148,
  "avg_type":0.5740740740740741,
  "cacheSize":1024,
  "clw":128,
  "failed":true,
  "test":2,
  "testComplexity":2069071706.8703704,
  "timeOut":false,
  "trans":49
}