{
  "avg_addr":916.3636363636364,
  "avg_data":2039407579.909091,
  "avg_type":0.45454545454545453,
  "cacheSize":2048,
  "clw":1024,
  "failed":false,
  "test":100,
  "testComplexity":2039408496.7272727,
  "timeOut":false,
  "trans":11
}