{
  "avg_addr":860.0,
  "avg_data":2189919057.7291665,
  "avg_type":0.4375,
  "cacheSize":2048,
  "clw":256,
  "failed":true,
  "test":18,
  "testComplexity":2189919918.1666665,
  "timeOut":false,
  "trans":47
}