{
  "avg_addr":818.3880597014926,
  "avg_data":2539496065.5373135,
  "avg_type":0.5074626865671642,
  "cacheSize":8192,
  "clw":1024,
  "failed":true,
  "test":23,
  "testComplexity":2539496884.432836,
  "timeOut":false,
  "trans":13
}