{
  "avg_addr":946.5454545454545,
  "avg_data":2390239240.5,
  "avg_type":0.6363636363636364,
  "cacheSize":4096,
  "clw":512,
  "failed":true,
  "test":1,
  "testComplexity":2390240187.681818,
  "timeOut":false,
  "trans":12
}