{
  "avg_addr":784.1764705882352,
  "avg_data":1875966524.5735295,
  "avg_type":0.5441176470588235,
  "cacheSize":1024,
  "clw":64,
  "failed":true,
  "test":1,
  "testComplexity":1875967309.2941177,
  "timeOut":false,
  "trans":1
}