{
  "avg_addr":860.4731182795699,
  "avg_data":2285792358.6344085,
  "avg_type":0.5161290322580645,
  "cacheSize":4096,
  "clw":256,
  "failed":true,
  "test":25,
  "testComplexity":2285793219.623656,
  "timeOut":false,
  "trans":40
}