{
  "avg_addr":757.2530120481928,
  "avg_data":2073024981.3373494,
  "avg_type":0.5662650602409639,
  "cacheSize":4096,
  "clw":64,
  "failed":true,
  "test":1,
  "testComplexity":2073025739.1566265,
  "timeOut":false,
  "trans":0
}