{
  "avg_addr":965.4117647058823,
  "avg_data":2742198481.4117646,
  "avg_type":0.5294117647058824,
  "cacheSize":4096,
  "clw":512,
  "failed":true,
  "test":1,
  "testComplexity":2742199447.352941,
  "timeOut":false,
  "trans":1
}