{
  "avg_addr":731.6842105263158,
  "avg_data":2269434591.263158,
  "avg_type":0.47368421052631576,
  "cacheSize":2048,
  "clw":512,
  "failed":true,
  "test":1,
  "testComplexity":2269435323.4210525,
  "timeOut":false,
  "trans":1
}