{
  "avg_addr":800.2666666666667,
  "avg_data":2378237128.6,
  "avg_type":0.3333333333333333,
  "cacheSize":4096,
  "clw":256,
  "failed":true,
  "test":2,
  "testComplexity":2378237929.2,
  "timeOut":false,
  "trans":12
}