{
  "avg_addr":828.7777777777778,
  "avg_data":2280295067.388889,
  "avg_type":0.5555555555555556,
  "cacheSize":8192,
  "clw":1024,
  "failed":true,
  "test":1,
  "testComplexity":2280295896.7222223,
  "timeOut":false,
  "trans":1
}