{
  "avg_addr":731.6363636363636,
  "avg_data":2489311407.181818,
  "avg_type":0.6363636363636364,
  "cacheSize":512,
  "clw":128,
  "failed":true,
  "test":1,
  "testComplexity":2489312139.4545455,
  "timeOut":false,
  "trans":2
}