{
  "avg_addr":831.5454545454545,
  "avg_data":2220398410.090909,
  "avg_type":0.5909090909090909,
  "cacheSize":8192,
  "clw":256,
  "failed":true,
  "test":1,
  "testComplexity":2220399242.2272725,
  "timeOut":false,
  "trans":3
}