{
  "avg_addr":688.6153846153846,
  "avg_data":1714089537.7692308,
  "avg_type":0.38461538461538464,
  "cacheSize":1024,
  "clw":64,
  "failed":true,
  "test":1,
  "testComplexity":1714090226.7692308,
  "timeOut":false,
  "trans":1
}