{
  "avg_addr":770.1414141414141,
  "avg_data":2267504000.1919193,
  "avg_type":0.494949494949495,
  "cacheSize":4096,
  "clw":512,
  "failed":true,
  "test":69,
  "testComplexity":2267504770.828283,
  "timeOut":false,
  "trans":60
}