{
  "avg_addr":751.3333333333334,
  "avg_data":2132565115.3333333,
  "avg_type":0.25,
  "cacheSize":1024,
  "clw":128,
  "failed":true,
  "test":1,
  "testComplexity":2132565866.9166667,
  "timeOut":false,
  "trans":8
}