{
  "avg_addr":790.6470588235294,
  "avg_data":2045535950.1617646,
  "avg_type":0.47058823529411764,
  "cacheSize":2048,
  "clw":1024,
  "failed":true,
  "test":55,
  "testComplexity":2045536741.2794118,
  "timeOut":false,
  "trans":55
}