{
  "avg_addr":704.6666666666666,
  "avg_data":1779341900.9166667,
  "avg_type":0.25,
  "cacheSize":8192,
  "clw":64,
  "failed":true,
  "test":1,
  "testComplexity":1779342605.8333333,
  "timeOut":false,
  "trans":0
}