{
  "avg_addr":791.8775510204082,
  "avg_data":2225301909.5,
  "avg_type":0.3877551020408163,
  "cacheSize":8192,
  "clw":64,
  "failed":true,
  "test":1,
  "testComplexity":2225302701.765306,
  "timeOut":false,
  "trans":1
}