{
  "avg_addr":867.0103092783505,
  "avg_data":2332713375.216495,
  "avg_type":0.4948453608247423,
  "cacheSize":1024,
  "clw":64,
  "failed":true,
  "test":4,
  "testComplexity":2332714242.7216496,
  "timeOut":false,
  "trans":64
}