{
  "avg_addr":753.9733333333334,
  "avg_data":1788427036.7333333,
  "avg_type":0.56,
  "cacheSize":16384,
  "clw":256,
  "failed":true,
  "test":1,
  "testComplexity":1788427791.2666667,
  "timeOut":false,
  "trans":74
}