{
  "avg_addr":759.8987341772151,
  "avg_data":2116234698.379747,
  "avg_type":0.4810126582278481,
  "cacheSize":8192,
  "clw":1024,
  "failed":true,
  "test":7,
  "testComplexity":2116235458.7594936,
  "timeOut":false,
  "trans":70
}