{
  "avg_addr":792.0,
  "avg_data":2327256356.6753244,
  "avg_type":0.4935064935064935,
  "cacheSize":1024,
  "clw":64,
  "failed":true,
  "test":63,
  "testComplexity":2327257149.1688313,
  "timeOut":false,
  "trans":56
}