{
  "avg_addr":818.9090909090909,
  "avg_data":2355056567.2272725,
  "avg_type":0.4090909090909091,
  "cacheSize":2048,
  "clw":512,
  "failed":true,
  "test":1,
  "testComplexity":2355057386.5454545,
  "timeOut":false,
  "trans":1
}