{
  "avg_addr":716.0,
  "avg_data":1833270445.1864407,
  "avg_type":0.4745762711864407,
  "cacheSize":8192,
  "clw":1024,
  "failed":true,
  "test":1,
  "testComplexity":1833271161.661017,
  "timeOut":false,
  "trans":3
}