{
  "avg_addr":798.8888888888889,
  "avg_data":2244227004.3333335,
  "avg_type":0.5740740740740741,
  "cacheSize":4096,
  "clw":512,
  "failed":true,
  "test":2,
  "testComplexity":2244227803.796296,
  "timeOut":false,
  "trans":16
}