{
  "avg_addr":825.1538461538462,
  "avg_data":1896963728.0192308,
  "avg_type":0.5961538461538461,
  "cacheSize":4096,
  "clw":1024,
  "failed":true,
  "test":36,
  "testComplexity":1896964553.7692308,
  "timeOut":false,
  "trans":44
}