{
  "avg_addr":748.0449438202247,
  "avg_data":2285503519.47191,
  "avg_type":0.5617977528089888,
  "cacheSize":512,
  "clw":64,
  "failed":true,
  "test":1,
  "testComplexity":2285504268.078652,
  "timeOut":false,
  "trans":0
}