{
  "avg_addr":842.6122448979592,
  "avg_data":2376327623.8469386,
  "avg_type":0.3469387755102041,
  "cacheSize":4096,
  "clw":512,
  "failed":true,
  "test":42,
  "testComplexity":2376328466.8061223,
  "timeOut":false,
  "trans":34
}