{
  "avg_addr":801.5714285714286,
  "avg_data":2379579463.678571,
  "avg_type":0.39285714285714285,
  "cacheSize":8192,
  "clw":512,
  "failed":true,
  "test":26,
  "testComplexity":2379580265.642857,
  "timeOut":false,
  "trans":51
}