{
  "avg_addr":784.2181818181818,
  "avg_data":1970533307.490909,
  "avg_type":0.509090909090909,
  "cacheSize":512,
  "clw":128,
  "failed":true,
  "test":1,
  "testComplexity":1970534092.2181818,
  "timeOut":false,
  "trans":27
}