{
  "avg_addr":788.5217391304348,
  "avg_data":1970197727.6086957,
  "avg_type":0.5434782608695652,
  "cacheSize":1024,
  "clw":64,
  "failed":true,
  "test":1,
  "testComplexity":1970198516.673913,
  "timeOut":false,
  "trans":3
}