{
  "avg_addr":799.0243902439024,
  "avg_data":2092175608.7317073,
  "avg_type":0.4024390243902439,
  "cacheSize":2048,
  "clw":512,
  "failed":true,
  "test":8,
  "testComplexity":2092176408.1585367,
  "timeOut":false,
  "trans":73
}