{
  "avg_addr":775.3846153846154,
  "avg_data":2382961418.974359,
  "avg_type":0.5384615384615384,
  "cacheSize":2048,
  "clw":128,
  "failed":true,
  "test":2,
  "testComplexity":2382962194.8974357,
  "timeOut":false,
  "trans":14
}