{
  "avg_addr":752.8533333333334,
  "avg_data":2093682689.3333333,
  "avg_type":0.44,
  "cacheSize":8192,
  "clw":1024,
  "failed":true,
  "test":14,
  "testComplexity":2093683442.6266668,
  "timeOut":false,
  "trans":74
}