{
  "avg_addr":842.7027027027027,
  "avg_data":2202268762.891892,
  "avg_type":0.4864864864864865,
  "cacheSize":8192,
  "clw":256,
  "failed":true,
  "test":1,
  "testComplexity":2202269606.081081,
  "timeOut":false,
  "trans":0
}