{
  "avg_addr":815.1752577319587,
  "avg_data":2278999213.2268043,
  "avg_type":0.4329896907216495,
  "cacheSize":1024,
  "clw":256,
  "failed":true,
  "test":44,
  "testComplexity":2279000028.8350515,
  "timeOut":false,
  "trans":68
}