{
  "avg_addr":542.2857142857143,
  "avg_data":2040307627.357143,
  "avg_type":0.6428571428571429,
  "cacheSize":131072,
  "clw":1024,
  "failed":true,
  "test":1,
  "testComplexity":2040308170.2857144,
  "timeOut":false,
  "trans":3
}