{
  "avg_addr":748.4444444444445,
  "avg_data":2074382390.3111112,
  "avg_type":0.5111111111111111,
  "cacheSize":16384,
  "clw":128,
  "failed":true,
  "test":1,
  "testComplexity":2074383139.2666667,
  "timeOut":false,
  "trans":29
}