{
  "avg_addr":818.5979381443299,
  "avg_data":2102573110.7525773,
  "avg_type":0.4639175257731959,
  "cacheSize":4096,
  "clw":1024,
  "failed":true,
  "test":47,
  "testComplexity":2102573929.814433,
  "timeOut":false,
  "trans":80
}