{
  "avg_addr":874.2105263157895,
  "avg_data":2301173917.5263157,
  "avg_type":0.5,
  "cacheSize":32768,
  "clw":1024,
  "failed":true,
  "test":1,
  "testComplexity":2301174792.236842,
  "timeOut":false,
  "trans":1
}