{
  "avg_addr":864.8275862068965,
  "avg_data":1972077883.275862,
  "avg_type":0.3620689655172414,
  "cacheSize":8192,
  "clw":256,
  "failed":false,
  "test":100,
  "testComplexity":1972078748.4655173,
  "timeOut":false,
  "trans":58
}