{
  "avg_addr":818.7083333333334,
  "avg_data":2131409094.96875,
  "avg_type":0.5729166666666666,
  "cacheSize":512,
  "clw":64,
  "failed":true,
  "test":9,
  "testComplexity":2131409914.25,
  "timeOut":false,
  "trans":87
}