{
  "avg_addr":820.5957446808511,
  "avg_data":2147176271.1914895,
  "avg_type":0.44680851063829785,
  "cacheSize":256,
  "clw":64,
  "failed":false,
  "test":100,
  "testComplexity":2147177092.2340426,
  "timeOut":false,
  "trans":47
}