{
  "avg_addr":762.1481481481482,
  "avg_data":1904916485.6111112,
  "avg_type":0.48148148148148145,
  "cacheSize":8192,
  "clw":1024,
  "failed":true,
  "test":1,
  "testComplexity":1904917248.2407408,
  "timeOut":false,
  "trans":3
}