{
  "avg_addr":863.25,
  "avg_data":2394150578.4583335,
  "avg_type":0.3854166666666667,
  "cacheSize":1024,
  "clw":64,
  "failed":true,
  "test":1,
  "testComplexity":2394151442.09375,
  "timeOut":false,
  "trans":29
}