{
  "avg_addr":817.3333333333334,
  "avg_data":2225333833.020202,
  "avg_type":0.41414141414141414,
  "cacheSize":4096,
  "clw":1024,
  "failed":false,
  "test":100,
  "testComplexity":2225334650.767677,
  "timeOut":false,
  "trans":99
}