{
  "avg_addr":792.4301075268817,
  "avg_data":2145374124.064516,
  "avg_type":0.5053763440860215,
  "cacheSize":8192,
  "clw":64,
  "failed":true,
  "test":1,
  "testComplexity":2145374917.0,
  "timeOut":false,
  "trans":1
}