{
  "avg_addr":809.4545454545455,
  "avg_data":2699513203.8636365,
  "avg_type":0.45454545454545453,
  "cacheSize":4096,
  "clw":1024,
  "failed":true,
  "test":54,
  "testComplexity":2699514013.7727275,
  "timeOut":false,
  "trans":12
}