{
  "avg_addr":915.4947368421052,
  "avg_data":2125025658.4526315,
  "avg_type":0.5052631578947369,
  "cacheSize":32768,
  "clw":512,
  "failed":true,
  "test":1,
  "testComplexity":2125026574.4526315,
  "timeOut":false,
  "trans":0
}