{
  "avg_addr":848.327868852459,
  "avg_data":2145453694.2459016,
  "avg_type":0.4918032786885246,
  "cacheSize":2048,
  "clw":64,
  "failed":true,
  "test":4,
  "testComplexity":2145454543.0655737,
  "timeOut":false,
  "trans":60
}