{
  "avg_addr":696.2637362637363,
  "avg_data":2233707759.1538463,
  "avg_type":0.45054945054945056,
  "cacheSize":4096,
  "clw":1024,
  "failed":true,
  "test":1,
  "testComplexity":2233708455.8681316,
  "timeOut":false,
  "trans":1
}