{
  "avg_addr":779.8117647058823,
  "avg_data":2041903450.6588235,
  "avg_type":0.5058823529411764,
  "cacheSize":2048,
  "clw":256,
  "failed":true,
  "test":30,
  "testComplexity":2041904230.9764705,
  "timeOut":false,
  "trans":53
}