{
  "avg_addr":805.4845360824743,
  "avg_data":2079273995.9793816,
  "avg_type":0.5463917525773195,
  "cacheSize":8192,
  "clw":1024,
  "failed":true,
  "test":56,
  "testComplexity":2079274802.0103092,
  "timeOut":false,
  "trans":74
}