{
  "avg_addr":944.1904761904761,
  "avg_data":2561510590.873016,
  "avg_type":0.4444444444444444,
  "cacheSize":8192,
  "clw":512,
  "failed":true,
  "test":62,
  "testComplexity":2561511535.5079365,
  "timeOut":false,
  "trans":52
}