{
  "avg_addr":755.7849462365591,
  "avg_data":2061724178.2580645,
  "avg_type":0.5053763440860215,
  "cacheSize":4096,
  "clw":256,
  "failed":true,
  "test":5,
  "testComplexity":2061724934.548387,
  "timeOut":false,
  "trans":73
}