{
  "avg_addr":777.9047619047619,
  "avg_data":2111274901.2222223,
  "avg_type":0.6666666666666666,
  "cacheSize":4096,
  "clw":256,
  "failed":true,
  "test":61,
  "testComplexity":2111275679.7936509,
  "timeOut":false,
  "trans":50
}