{
  "avg_addr":919.1641791044776,
  "avg_data":2275690550.1343284,
  "avg_type":0.5522388059701493,
  "cacheSize":4096,
  "clw":1024,
  "failed":true,
  "test":34,
  "testComplexity":2275691469.850746,
  "timeOut":false,
  "trans":55
}