{
  "avg_addr":856.5569620253165,
  "avg_data":2057543466.2911391,
  "avg_type":0.4936708860759494,
  "cacheSize":16384,
  "clw":1024,
  "failed":true,
  "test":1,
  "testComplexity":2057544323.341772,
  "timeOut":false,
  "trans":1
}