{
  "avg_addr":729.4761904761905,
  "avg_data":2111437271.2857144,
  "avg_type":0.5238095238095238,
  "cacheSize":4096,
  "clw":256,
  "failed":true,
  "test":1,
  "testComplexity":2111438001.2857144,
  "timeOut":false,
  "trans":0
}