{
  "avg_addr":534.6666666666666,
  "avg_data":2617904197.3333335,
  "avg_type":0.6666666666666666,
  "cacheSize":32768,
  "clw":256,
  "failed":true,
  "test":1,
  "testComplexity":2617904732.6666665,
  "timeOut":false,
  "trans":0
}