{
  "avg_addr":709.9148936170212,
  "avg_data":2154252716.0531917,
  "avg_type":0.48936170212765956,
  "cacheSize":4096,
  "clw":1024,
  "failed":true,
  "test":22,
  "testComplexity":2154253426.4574466,
  "timeOut":false,
  "trans":93
}