{
  "avg_addr":773.8823529411765,
  "avg_data":2252781542.6666665,
  "avg_type":0.5490196078431373,
  "cacheSize":2048,
  "clw":1024,
  "failed":true,
  "test":1,
  "testComplexity":2252782317.098039,
  "timeOut":false,
  "trans":1
}