{
  "avg_addr":784.0481927710844,
  "avg_data":1953034980.879518,
  "avg_type":0.6144578313253012,
  "cacheSize":8192,
  "clw":1024,
  "failed":true,
  "test":44,
  "testComplexity":1953035765.5421686,
  "timeOut":false,
  "trans":56
}