{
  "avg_addr":744.0444444444445,
  "avg_data":2254966034.4888887,
  "avg_type":0.3888888888888889,
  "cacheSize":2048,
  "clw":256,
  "failed":true,
  "test":1,
  "testComplexity":2254966778.922222,
  "timeOut":false,
  "trans":0
}