{
  "avg_addr":729.9649122807018,
  "avg_data":2097993523.8070176,
  "avg_type":0.43859649122807015,
  "cacheSize":1024,
  "clw":64,
  "failed":true,
  "test":1,
  "testComplexity":2097994254.2105262,
  "timeOut":false,
  "trans":1
}