{
  "avg_addr":758.528735632184,
  "avg_data":2164049183.1264367,
  "avg_type":0.41379310344827586,
  "cacheSize":2048,
  "clw":1024,
  "failed":true,
  "test":21,
  "testComplexity":2164049942.0689654,
  "timeOut":false,
  "trans":59
}