{
  "avg_addr":792.0,
  "avg_data":2381284636.387755,
  "avg_type":0.4489795918367347,
  "cacheSize":4096,
  "clw":256,
  "failed":true,
  "test":32,
  "testComplexity":2381285428.836735,
  "timeOut":false,
  "trans":45
}