{
  "avg_addr":872.918918918919,
  "avg_data":1987919066.5135136,
  "avg_type":0.5540540540540541,
  "cacheSize":1024,
  "clw":256,
  "failed":true,
  "test":1,
  "testComplexity":1987919939.9864864,
  "timeOut":false,
  "trans":10
}