{
  "avg_addr":809.2340425531914,
  "avg_data":2141001268.5212767,
  "avg_type":0.4574468085106383,
  "cacheSize":16384,
  "clw":128,
  "failed":true,
  "test":1,
  "testComplexity":2141002078.212766,
  "timeOut":false,
  "trans":1
}