{
  "avg_addr":904.4571428571429,
  "avg_data":1843844748.7428572,
  "avg_type":0.4,
  "cacheSize":2048,
  "clw":512,
  "failed":true,
  "test":1,
  "testComplexity":1843845653.6,
  "timeOut":false,
  "trans":3
}