{
  "avg_addr":830.5853658536586,
  "avg_data":2203643032.47561,
  "avg_type":0.5609756097560976,
  "cacheSize":8192,
  "clw":512,
  "failed":true,
  "test":1,
  "testComplexity":2203643863.621951,
  "timeOut":false,
  "trans":1
}