{
  "avg_addr":798.8125,
  "avg_data":2316811840.34375,
  "avg_type":0.5625,
  "cacheSize":2048,
  "clw":128,
  "failed":true,
  "test":122,
  "testComplexity":2316812639.71875,
  "timeOut":false,
  "trans":48
}