{
  "avg_addr":814.2222222222222,
  "avg_data":2039662392.0925925,
  "avg_type":0.5,
  "cacheSize":8192,
  "clw":1024,
  "failed":true,
  "test":2,
  "testComplexity":2039663206.8148148,
  "timeOut":false,
  "trans":4
}