{
  "avg_addr":785.5428571428571,
  "avg_data":1839750025.0,
  "avg_type":0.5857142857142857,
  "cacheSize":2048,
  "clw":512,
  "failed":true,
  "test":37,
  "testComplexity":1839750811.1285715,
  "timeOut":false,
  "trans":57
}