{
  "avg_addr":891.5492957746479,
  "avg_data":2010420162.2535212,
  "avg_type":0.5070422535211268,
  "cacheSize":256,
  "clw":64,
  "failed":true,
  "test":2,
  "testComplexity":2010421054.309859,
  "timeOut":false,
  "trans":8
}