{
  "avg_addr":922.625,
  "avg_data":2216874130.796875,
  "avg_type":0.53125,
  "cacheSize":131072,
  "clw":1024,
  "failed":true,
  "test":1,
  "testComplexity":2216875053.953125,
  "timeOut":false,
  "trans":58
}