{
  "avg_addr":701.7049180327868,
  "avg_data":1887604687.9836066,
  "avg_type":0.4918032786885246,
  "cacheSize":2048,
  "clw":256,
  "failed":true,
  "test":80,
  "testComplexity":1887605390.180328,
  "timeOut":false,
  "trans":33
}