{
  "avg_addr":802.6666666666666,
  "avg_data":2174353219.233333,
  "avg_type":0.43333333333333335,
  "cacheSize":16384,
  "clw":256,
  "failed":true,
  "test":1,
  "testComplexity":2174354022.3333335,
  "timeOut":false,
  "trans":10
}