{
  "avg_addr":918.6666666666666,
  "avg_data":2345225113.0833335,
  "avg_type":0.5555555555555556,
  "cacheSize":256,
  "clw":128,
  "failed":true,
  "test":1,
  "testComplexity":2345226032.3055553,
  "timeOut":false,
  "trans":7
}