{
  "avg_addr":721.7142857142857,
  "avg_data":2422856187.2,
  "avg_type":0.4857142857142857,
  "cacheSize":16384,
  "clw":512,
  "failed":true,
  "test":1,
  "testComplexity":2422856909.4,
  "timeOut":false,
  "trans":0
}