{
  "avg_addr":781.5862068965517,
  "avg_data":2444260082.862069,
  "avg_type":0.5517241379310345,
  "cacheSize":1024,
  "clw":512,
  "failed":true,
  "test":1,
  "testComplexity":2444260865.0,
  "timeOut":false,
  "trans":1
}