{
  "avg_addr":641.5652173913044,
  "avg_data":2273276071.0434785,
  "avg_type":0.5652173913043478,
  "cacheSize":2048,
  "clw":64,
  "failed":true,
  "test":1,
  "testComplexity":2273276713.173913,
  "timeOut":false,
  "trans":22
}