{
  "avg_addr":824.8674698795181,
  "avg_data":2239162520.6506023,
  "avg_type":0.4457831325301205,
  "cacheSize":8192,
  "clw":512,
  "failed":true,
  "test":3,
  "testComplexity":2239163345.9638553,
  "timeOut":false,
  "trans":81
}