{
  "avg_addr":760.6736842105263,
  "avg_data":2228506567.2210526,
  "avg_type":0.5052631578947369,
  "cacheSize":1024,
  "clw":64,
  "failed":true,
  "test":1,
  "testComplexity":2228507328.4,
  "timeOut":false,
  "trans":2
}