{
  "avg_addr":766.5531914893617,
  "avg_data":2145118859.1489363,
  "avg_type":0.48936170212765956,
  "cacheSize":1024,
  "clw":64,
  "failed":true,
  "test":1,
  "testComplexity":2145119626.1914895,
  "timeOut":false,
  "trans":1
}