{
  "avg_addr":775.8974358974359,
  "avg_data":2018057323.5641026,
  "avg_type":0.6153846153846154,
  "cacheSize":8192,
  "clw":128,
  "failed":true,
  "test":1,
  "testComplexity":2018058100.0769231,
  "timeOut":false,
  "trans":1
}