{
  "avg_addr":659.6363636363636,
  "avg_data":1983275481.2727273,
  "avg_type":0.5151515151515151,
  "cacheSize":2048,
  "clw":1024,
  "failed":true,
  "test":1,
  "testComplexity":1983276141.4242425,
  "timeOut":false,
  "trans":20
}