{
  "avg_addr":742.3404255319149,
  "avg_data":2186666858.5531917,
  "avg_type":0.5106382978723404,
  "cacheSize":4096,
  "clw":1024,
  "failed":true,
  "test":1,
  "testComplexity":2186667601.4042554,
  "timeOut":false,
  "trans":2
}