{
  "avg_addr":817.3033707865169,
  "avg_data":2109633564.0449438,
  "avg_type":0.5280898876404494,
  "cacheSize":2048,
  "clw":1024,
  "failed":true,
  "test":3,
  "testComplexity":2109634381.8764045,
  "timeOut":false,
  "trans":70
}