{
  "avg_addr":796.8659793814433,
  "avg_data":1904210986.7113402,
  "avg_type":0.4948453608247423,
  "cacheSize":2048,
  "clw":1024,
  "failed":true,
  "test":4,
  "testComplexity":1904211784.072165,
  "timeOut":false,
  "trans":72
}