{
  "avg_addr":710.0618556701031,
  "avg_data":1925534504.0824742,
  "avg_type":0.5567010309278351,
  "cacheSize":8192,
  "clw":512,
  "failed":true,
  "test":24,
  "testComplexity":1925535214.701031,
  "timeOut":false,
  "trans":78
}