{
  "avg_addr":811.0123456790124,
  "avg_data":2320015448.888889,
  "avg_type":0.5061728395061729,
  "cacheSize":2048,
  "clw":512,
  "failed":true,
  "test":47,
  "testComplexity":2320016260.4074073,
  "timeOut":false,
  "trans":75
}