{
  "avg_addr":786.4,
  "avg_data":1809088809.2666667,
  "avg_type":0.4666666666666667,
  "cacheSize":1024,
  "clw":128,
  "failed":true,
  "test":1,
  "testComplexity":1809089596.1333334,
  "timeOut":false,
  "trans":4
}