{
  "avg_addr":794.7083333333334,
  "avg_data":2264616844.46875,
  "avg_type":0.46875,
  "cacheSize":32768,
  "clw":512,
  "failed":true,
  "test":1,
  "testComplexity":2264617639.6458335,
  "timeOut":false,
  "trans":0
}