{
  "avg_addr":732.5925925925926,
  "avg_data":2051947809.6851852,
  "avg_type":0.4074074074074074,
  "cacheSize":32768,
  "clw":512,
  "failed":true,
  "test":1,
  "testComplexity":2051948542.6851852,
  "timeOut":false,
  "trans":1
}