{
  "avg_addr":771.5068493150685,
  "avg_data":2068770204.6438355,
  "avg_type":0.5616438356164384,
  "cacheSize":2048,
  "clw":256,
  "failed":true,
  "test":3,
  "testComplexity":2068770976.7123287,
  "timeOut":false,
  "trans":45
}