{
  "avg_addr":782.0540540540541,
  "avg_data":2079697762.162162,
  "avg_type":0.5405405405405406,
  "cacheSize":16384,
  "clw":1024,
  "failed":true,
  "test":1,
  "testComplexity":2079698544.7567568,
  "timeOut":false,
  "trans":1
}