{
  "avg_addr":913.8285714285714,
  "avg_data":1546334654.3428571,
  "avg_type":0.4,
  "cacheSize":2048,
  "clw":256,
  "failed":false,
  "test":100,
  "testComplexity":1546335568.5714285,
  "timeOut":false,
  "trans":35
}