{
  "avg_addr":945.1914893617021,
  "avg_data":2004515997.893617,
  "avg_type":0.48936170212765956,
  "cacheSize":2048,
  "clw":512,
  "failed":false,
  "test":100,
  "testComplexity":2004516943.5744681,
  "timeOut":false,
  "trans":47
}