{
  "avg_addr":726.3561643835617,
  "avg_data":2199782230.8630137,
  "avg_type":0.5205479452054794,
  "cacheSize":256,
  "clw":64,
  "failed":true,
  "test":1,
  "testComplexity":2199782957.739726,
  "timeOut":false,
  "trans":13
}