{
  "avg_addr":806.3333333333334,
  "avg_data":1928064900.75,
  "avg_type":0.5833333333333334,
  "cacheSize":256,
  "clw":64,
  "failed":true,
  "test":1,
  "testComplexity":1928065707.6666667,
  "timeOut":false,
  "trans":1
}