{
  "avg_addr":810.8571428571429,
  "avg_data":2158248348.897959,
  "avg_type":0.5,
  "cacheSize":8192,
  "clw":1024,
  "failed":true,
  "test":2,
  "testComplexity":2158249160.255102,
  "timeOut":false,
  "trans":8
}