{
  "avg_addr":862.421052631579,
  "avg_data":2038537819.4473684,
  "avg_type":0.47368421052631576,
  "cacheSize":4096,
  "clw":64,
  "failed":true,
  "test":1,
  "testComplexity":2038538682.3421052,
  "timeOut":false,
  "trans":1
}