{
  "avg_addr":842.6938775510204,
  "avg_data":2320689882.102041,
  "avg_type":0.5714285714285714,
  "cacheSize":8192,
  "clw":512,
  "failed":true,
  "test":1,
  "testComplexity":2320690725.367347,
  "timeOut":false,
  "trans":8
}