{
  "avg_addr":804.5714285714286,
  "avg_data":1985015393.6285715,
  "avg_type":0.6,
  "cacheSize":4096,
  "clw":256,
  "failed":true,
  "test":1,
  "testComplexity":1985016198.8,
  "timeOut":false,
  "trans":1
}