{
  "avg_addr":798.0833333333334,
  "avg_data":2382544947.2916665,
  "avg_type":0.5208333333333334,
  "cacheSize":8192,
  "clw":128,
  "failed":false,
  "test":100,
  "testComplexity":2382545745.8958335,
  "timeOut":false,
  "trans":48
}