{
  "avg_addr":860.1666666666666,
  "avg_data":2044766322.6111112,
  "avg_type":0.5138888888888888,
  "cacheSize":4096,
  "clw":128,
  "failed":true,
  "test":2,
  "testComplexity":2044767183.2916667,
  "timeOut":false,
  "trans":9
}