{
  "avg_addr":681.795918367347,
  "avg_data":1739843707.6122448,
  "avg_type":0.5306122448979592,
  "cacheSize":2048,
  "clw":64,
  "failed":true,
  "test":1,
  "testComplexity":1739844389.9387755,
  "timeOut":false,
  "trans":0
}