{
  "avg_addr":781.2121212121212,
  "avg_data":2328606973.8636365,
  "avg_type":0.5757575757575758,
  "cacheSize":65536,
  "clw":1024,
  "failed":true,
  "test":1,
  "testComplexity":2328607755.651515,
  "timeOut":false,
  "trans":1
}