{
  "avg_addr":858.5979381443299,
  "avg_data":1992441775.8041236,
  "avg_type":0.5567010309278351,
  "cacheSize":8192,
  "clw":1024,
  "failed":true,
  "test":1,
  "testComplexity":1992442634.958763,
  "timeOut":false,
  "trans":4
}