{
  "avg_addr":763.75,
  "avg_data":1831662669.3125,
  "avg_type":0.6041666666666666,
  "cacheSize":2048,
  "clw":1024,
  "failed":false,
  "test":100,
  "testComplexity":1831663433.6666667,
  "timeOut":false,
  "trans":48
}