{
  "avg_addr":793.7777777777778,
  "avg_data":2245073279.861111,
  "avg_type":0.4444444444444444,
  "cacheSize":512,
  "clw":256,
  "failed":true,
  "test":3,
  "testComplexity":2245074074.0833335,
  "timeOut":false,
  "trans":46
}