{
  "avg_addr":778.4578313253012,
  "avg_data":1940992237.5180724,
  "avg_type":0.4819277108433735,
  "cacheSize":2048,
  "clw":64,
  "failed":true,
  "test":1,
  "testComplexity":1940993016.4578314,
  "timeOut":false,
  "trans":41
}