{
  "avg_addr":733.4603174603175,
  "avg_data":2249828277.301587,
  "avg_type":0.47619047619047616,
  "cacheSize":1024,
  "clw":256,
  "failed":true,
  "test":5,
  "testComplexity":2249829011.2380953,
  "timeOut":false,
  "trans":3
}