{
  "avg_addr":711.1836734693877,
  "avg_data":1879413506.4285715,
  "avg_type":0.5102040816326531,
  "cacheSize":1024,
  "clw":64,
  "failed":true,
  "test":1,
  "testComplexity":1879414218.122449,
  "timeOut":false,
  "trans":18
}