{
  "avg_addr":812.7317073170732,
  "avg_data":1973159649.1707318,
  "avg_type":0.573170731707317,
  "cacheSize":512,
  "clw":128,
  "failed":true,
  "test":1,
  "testComplexity":1973160462.4756098,
  "timeOut":false,
  "trans":1
}