{
  "avg_addr":774.7368421052631,
  "avg_data":1925853228.0526316,
  "avg_type":0.5789473684210527,
  "cacheSize":16384,
  "clw":1024,
  "failed":true,
  "test":1,
  "testComplexity":1925854003.368421,
  "timeOut":false,
  "trans":1
}