{
  "avg_addr":855.5151515151515,
  "avg_data":2344197700.060606,
  "avg_type":0.45454545454545453,
  "cacheSize":65536,
  "clw":1024,
  "failed":false,
  "test":100,
  "testComplexity":2344198556.030303,
  "timeOut":false,
  "trans":33
}