{
  "avg_addr":857.2244897959183,
  "avg_data":2106865535.0408163,
  "avg_type":0.4489795918367347,
  "cacheSize":2048,
  "clw":64,
  "failed":true,
  "test":8,
  "testComplexity":2106866392.7142856,
  "timeOut":false,
  "trans":94
}