{
  "avg_addr":784.0,
  "avg_data":2270439414.7173915,
  "avg_type":0.45652173913043476,
  "cacheSize":65536,
  "clw":1024,
  "failed":false,
  "test":100,
  "testComplexity":2270440199.173913,
  "timeOut":false,
  "trans":46
}