{
  "avg_addr":829.5555555555555,
  "avg_data":1934345627.9444444,
  "avg_type":0.5,
  "cacheSize":256,
  "clw":128,
  "failed":true,
  "test":1,
  "testComplexity":1934346458.0,
  "timeOut":false,
  "trans":2
}