{
  "avg_addr":789.3827160493827,
  "avg_data":2154176002.283951,
  "avg_type":0.5185185185185185,
  "cacheSize":512,
  "clw":256,
  "failed":true,
  "test":1,
  "testComplexity":2154176792.185185,
  "timeOut":false,
  "trans":0
}