{
  "avg_addr":786.8333333333334,
  "avg_data":2005104499.1875,
  "avg_type":0.5208333333333334,
  "cacheSize":512,
  "clw":128,
  "failed":true,
  "test":1,
  "testComplexity":2005105286.5416667,
  "timeOut":false,
  "trans":16
}