{
  "avg_addr":914.0909090909091,
  "avg_data":2357507471.931818,
  "avg_type":0.7045454545454546,
  "cacheSize":1024,
  "clw":64,
  "failed":true,
  "test":1,
  "testComplexity":2357508386.7272725,
  "timeOut":false,
  "trans":2
}