{
  "avg_addr":742.0,
  "avg_data":2303225131.3333335,
  "avg_type":0.5185185185185185,
  "cacheSize":65536,
  "clw":1024,
  "failed":true,
  "test":1,
  "testComplexity":2303225873.851852,
  "timeOut":false,
  "trans":1
}