{
  "avg_addr":50.666666666666664,
  "avg_data":0.0,
  "avg_type":0.3333333333333333,
  "cacheSize":128,
  "clw":64,
  "failed":true,
  "test":14,
  "testComplexity":51.0,
  "timeOut":false,
  "trans":3
}