{
  "avg_addr":29.333333333333332,
  "avg_data":0.0,
  "avg_type":0.3333333333333333,
  "cacheSize":128,
  "clw":64,
  "failed":true,
  "test":38,
  "testComplexity":29.666666666666668,
  "timeOut":false,
  "trans":3
}