{
  "avg_addr":818.5333333333333,
  "avg_data":1942913625.3111112,
  "avg_type":0.5555555555555556,
  "cacheSize":4096,
  "clw":256,
  "failed":true,
  "test":2,
  "testComplexity":1942914444.4,
  "timeOut":false,
  "trans":47
}