{
  "avg_addr":844.8219178082192,
  "avg_data":2120396894.8493152,
  "avg_type":0.5753424657534246,
  "cacheSize":65536,
  "clw":1024,
  "failed":false,
  "test":100,
  "testComplexity":2120397740.2465754,
  "timeOut":false,
  "trans":73
}