{
  "avg_addr":736.9090909090909,
  "avg_data":2343789567.9545455,
  "avg_type":0.45454545454545453,
  "cacheSize":4096,
  "clw":512,
  "failed":false,
  "test":100,
  "testComplexity":2343790305.318182,
  "timeOut":false,
  "trans":22
}