{
  "avg_addr":706.3908045977012,
  "avg_data":2351189264.0229883,
  "avg_type":0.42528735632183906,
  "cacheSize":2048,
  "clw":1024,
  "failed":true,
  "test":1,
  "testComplexity":2351189970.8390803,
  "timeOut":false,
  "trans":1
}