{
  "avg_addr":801.4769230769231,
  "avg_data":2062004552.2923076,
  "avg_type":0.5538461538461539,
  "cacheSize":8192,
  "clw":256,
  "failed":false,
  "test":100,
  "testComplexity":2062005354.323077,
  "timeOut":false,
  "trans":65
}