{
  "avg_addr":851.3086419753087,
  "avg_data":2157247178.962963,
  "avg_type":0.5061728395061729,
  "cacheSize":256,
  "clw":64,
  "failed":false,
  "test":100,
  "testComplexity":2157248030.7777777,
  "timeOut":false,
  "trans":81
}