{
  "avg_addr":761.8974358974359,
  "avg_data":2258779250.75641,
  "avg_type":0.5256410256410257,
  "cacheSize":16384,
  "clw":1024,
  "failed":true,
  "test":1,
  "testComplexity":2258780013.179487,
  "timeOut":false,
  "trans":7
}