{
  "avg_addr":845.2307692307693,
  "avg_data":2129305732.4615386,
  "avg_type":0.46153846153846156,
  "cacheSize":32768,
  "clw":512,
  "failed":false,
  "test":100,
  "testComplexity":2129306578.1538463,
  "timeOut":false,
  "trans":13
}