{
  "avg_addr":821.4545454545455,
  "avg_data":2402616563.431818,
  "avg_type":0.5227272727272727,
  "cacheSize":4096,
  "clw":128,
  "failed":false,
  "test":100,
  "testComplexity":2402617385.409091,
  "timeOut":false,
  "trans":44
}