{
  "avg_addr":882.8817204301075,
  "avg_data":2120654523.9462366,
  "avg_type":0.6129032258064516,
  "cacheSize":16384,
  "clw":256,
  "failed":false,
  "test":100,
  "testComplexity":2120655407.4408603,
  "timeOut":false,
  "trans":93
}