{
  "avg_addr":854.8648648648649,
  "avg_data":2105145900.391892,
  "avg_type":0.5135135135135135,
  "cacheSize":1024,
  "clw":128,
  "failed":false,
  "test":100,
  "testComplexity":2105146755.7702703,
  "timeOut":false,
  "trans":74
}