{
  "avg_addr":912.3333333333334,
  "avg_data":2346017165.75,
  "avg_type":0.5,
  "cacheSize":2048,
  "clw":64,
  "failed":true,
  "test":1,
  "testComplexity":2346018078.5833335,
  "timeOut":false,
  "trans":7
}