{
  "avg_addr":850.125,
  "avg_data":2018316583.84375,
  "avg_type":0.46875,
  "cacheSize":4096,
  "clw":1024,
  "failed":true,
  "test":1,
  "testComplexity":2018317434.4375,
  "timeOut":false,
  "trans":6
}