{
  "avg_addr":766.5909090909091,
  "avg_data":2175162251.306818,
  "avg_type":0.5568181818181818,
  "cacheSize":4096,
  "clw":64,
  "failed":true,
  "test":1,
  "testComplexity":2175163018.4545455,
  "timeOut":false,
  "trans":6
}