{
  "avg_addr":944.1632653061224,
  "avg_data":2172013756.591837,
  "avg_type":0.40816326530612246,
  "cacheSize":4096,
  "clw":1024,
  "failed":false,
  "test":100,
  "testComplexity":2172014701.163265,
  "timeOut":false,
  "trans":49
}