{
  "avg_addr":778.7692307692307,
  "avg_data":2089880345.1538463,
  "avg_type":0.5641025641025641,
  "cacheSize":256,
  "clw":128,
  "failed":true,
  "test":1,
  "testComplexity":2089881124.4871795,
  "timeOut":false,
  "trans":3
}