{
  "avg_addr":634.6666666666666,
  "avg_data":2280302257.8333335,
  "avg_type":0.16666666666666666,
  "cacheSize":128,
  "clw":64,
  "failed":true,
  "test":27,
  "testComplexity":2280302892.6666665,
  "timeOut":false,
  "trans":6
}