{
  "avg_addr":741.6774193548387,
  "avg_data":2302536053.516129,
  "avg_type":0.5483870967741935,
  "cacheSize":128,
  "clw":64,
  "failed":true,
  "test":151,
  "testComplexity":2302536795.7419353,
  "timeOut":false,
  "trans":4
}