{
  "avg_addr":776.0,
  "avg_data":2636894197.357143,
  "avg_type":0.5,
  "cacheSize":128,
  "clw":64,
  "failed":true,
  "test":70,
  "testComplexity":2636894973.857143,
  "timeOut":false,
  "trans":14
}