{
  "avg_addr":962.7692307692307,
  "avg_data":2487136441.1538463,
  "avg_type":0.3076923076923077,
  "cacheSize":128,
  "clw":64,
  "failed":true,
  "test":65,
  "testComplexity":2487137404.230769,
  "timeOut":false,
  "trans":6
}