{
  "avg_addr":781.6842105263158,
  "avg_data":2060048037.0,
  "avg_type":0.3157894736842105,
  "cacheSize":128,
  "clw":64,
  "failed":true,
  "test":92,
  "testComplexity":2060048819.0,
  "timeOut":false,
  "trans":11
}