{
  "avg_addr":882.2222222222222,
  "avg_data":2032671849.7777777,
  "avg_type":0.5,
  "cacheSize":128,
  "clw":64,
  "failed":true,
  "test":86,
  "testComplexity":2032672732.5,
  "timeOut":false,
  "trans":18
}