{
  "avg_addr":775.4761904761905,
  "avg_data":2009915027.4642856,
  "avg_type":0.39285714285714285,
  "cacheSize":128,
  "clw":64,
  "failed":true,
  "test":420,
  "testComplexity":2009915803.3333333,
  "timeOut":false,
  "trans":78
}