{
  "avg_addr":875.6923076923077,
  "avg_data":2553213392.923077,
  "avg_type":0.46153846153846156,
  "cacheSize":128,
  "clw":64,
  "failed":true,
  "test":62,
  "testComplexity":2553214269.076923,
  "timeOut":false,
  "trans":8
}