{
  "avg_addr":928.4705882352941,
  "avg_data":2232660408.047059,
  "avg_type":0.5647058823529412,
  "cacheSize":512,
  "clw":256,
  "failed":true,
  "test":1,
  "testComplexity":2232661337.082353,
  "timeOut":false,
  "trans":10
}