{
  "avg_addr":783.8048780487804,
  "avg_data":1933287038.390244,
  "avg_type":0.4634146341463415,
  "cacheSize":16384,
  "clw":1024,
  "failed":true,
  "test":1,
  "testComplexity":1933287822.6585367,
  "timeOut":false,
  "trans":8
}