{
  "avg_addr":745.4117647058823,
  "avg_data":2094431911.1764705,
  "avg_type":0.35294117647058826,
  "cacheSize":512,
  "clw":128,
  "failed":true,
  "test":1,
  "testComplexity":2094432656.9411764,
  "timeOut":false,
  "trans":9
}