{
  "avg_addr":790.8888888888889,
  "avg_data":2004628445.8111112,
  "avg_type":0.4444444444444444,
  "cacheSize":2048,
  "clw":512,
  "failed":false,
  "test":100,
  "testComplexity":2004629237.1444445,
  "timeOut":false,
  "trans":90
}