{
  "avg_addr":726.1609195402299,
  "avg_data":2180112262.5632186,
  "avg_type":0.39080459770114945,
  "cacheSize":2048,
  "clw":512,
  "failed":false,
  "test":100,
  "testComplexity":2180112989.1149426,
  "timeOut":false,
  "trans":87
}