{
  "avg_addr":789.7894736842105,
  "avg_data":2194019456.0789475,
  "avg_type":0.5,
  "cacheSize":256,
  "clw":128,
  "failed":false,
  "test":100,
  "testComplexity":2194020246.368421,
  "timeOut":false,
  "trans":38
}