{
  "avg_addr":824.8080808080808,
  "avg_data":2036004914.2828283,
  "avg_type":0.5454545454545454,
  "cacheSize":8192,
  "clw":512,
  "failed":true,
  "test":1,
  "testComplexity":2036005739.6363637,
  "timeOut":false,
  "trans":4
}