{
  "avg_addr":852.9382716049382,
  "avg_data":2038671354.617284,
  "avg_type":0.5185185185185185,
  "cacheSize":512,
  "clw":128,
  "failed":true,
  "test":1,
  "testComplexity":2038672208.074074,
  "timeOut":false,
  "trans":4
}