{
  "avg_addr":734.8571428571429,
  "avg_data":1797924587.5,
  "avg_type":0.6428571428571429,
  "cacheSize":1024,
  "clw":256,
  "failed":false,
  "test":100,
  "testComplexity":1797925323.0,
  "timeOut":false,
  "trans":14
}