{
  "avg_addr":789.5833333333334,
  "avg_data":2235562806.3958335,
  "avg_type":0.4479166666666667,
  "cacheSize":512,
  "clw":64,
  "failed":true,
  "test":1,
  "testComplexity":2235563596.4270835,
  "timeOut":false,
  "trans":7
}