{
  "avg_addr":616.421052631579,
  "avg_data":2371670903.368421,
  "avg_type":0.42105263157894735,
  "cacheSize":32768,
  "clw":1024,
  "failed":true,
  "test":1,
  "testComplexity":2371671520.2105265,
  "timeOut":false,
  "trans":15
}