{
  "avg_addr":717.6,
  "avg_data":2164228168.7777777,
  "avg_type":0.5444444444444444,
  "cacheSize":8192,
  "clw":1024,
  "failed":true,
  "test":1,
  "testComplexity":2164228886.922222,
  "timeOut":false,
  "trans":0
}