{
  "avg_addr":780.8571428571429,
  "avg_data":2232998826.107143,
  "avg_type":0.4642857142857143,
  "cacheSize":16384,
  "clw":1024,
  "failed":false,
  "test":100,
  "testComplexity":2232999607.428571,
  "timeOut":false,
  "trans":28
}