{
  "avg_addr":813.1555555555556,
  "avg_data":2378350216.5333333,
  "avg_type":0.4888888888888889,
  "cacheSize":4096,
  "clw":128,
  "failed":false,
  "test":100,
  "testComplexity":2378351030.177778,
  "timeOut":false,
  "trans":45
}