{
  "avg_addr":714.1234567901234,
  "avg_data":1770369244.9382715,
  "avg_type":0.4567901234567901,
  "cacheSize":4096,
  "clw":64,
  "failed":false,
  "test":100,
  "testComplexity":1770369959.5185184,
  "timeOut":false,
  "trans":81
}