{
  "avg_addr":910.0,
  "avg_data":2189156318.3333335,
  "avg_type":0.8333333333333334,
  "cacheSize":8192,
  "clw":1024,
  "failed":true,
  "test":1,
  "testComplexity":2189157229.1666665,
  "timeOut":false,
  "trans":1
}