{
  "avg_addr":812.987012987013,
  "avg_data":2201536736.4025974,
  "avg_type":0.5194805194805194,
  "cacheSize":512,
  "clw":64,
  "failed":true,
  "test":1,
  "testComplexity":2201537549.909091,
  "timeOut":false,
  "trans":10
}