{
  "avg_addr":888.3076923076923,
  "avg_data":1988991437.3846154,
  "avg_type":0.38461538461538464,
  "cacheSize":128,
  "clw":64,
  "failed":true,
  "test":63,
  "testComplexity":1988992326.0769231,
  "timeOut":false,
  "trans":12
}