{
  "avg_addr":935.0769230769231,
  "avg_data":1973268208.8461537,
  "avg_type":0.38461538461538464,
  "cacheSize":128,
  "clw":64,
  "failed":true,
  "test":64,
  "testComplexity":1973269144.3076923,
  "timeOut":false,
  "trans":13
}