{
  "avg_addr":752.2264150943396,
  "avg_data":1857100763.1132076,
  "avg_type":0.5094339622641509,
  "cacheSize":128,
  "clw":64,
  "failed":true,
  "test":265,
  "testComplexity":1857101515.8490567,
  "timeOut":false,
  "trans":44
}