{
  "avg_addr":761.0952380952381,
  "avg_data":2104602750.5714285,
  "avg_type":0.5238095238095238,
  "cacheSize":128,
  "clw":64,
  "failed":true,
  "test":416,
  "testComplexity":2104603512.1904762,
  "timeOut":false,
  "trans":79
}