{
  "avg_addr":744.780487804878,
  "avg_data":1997525746.097561,
  "avg_type":0.5121951219512195,
  "cacheSize":128,
  "clw":64,
  "failed":true,
  "test":203,
  "testComplexity":1997526491.390244,
  "timeOut":false,
  "trans":18
}