{
  "avg_addr":776.2424242424242,
  "avg_data":2079748331.808081,
  "avg_type":0.5656565656565656,
  "cacheSize":128,
  "clw":64,
  "failed":true,
  "test":492,
  "testComplexity":2079749108.6161616,
  "timeOut":false,
  "trans":92
}