{
  "avg_addr":893.6986301369863,
  "avg_data":2022648216.369863,
  "avg_type":0.4794520547945205,
  "cacheSize":128,
  "clw":64,
  "failed":true,
  "test":361,
  "testComplexity":2022649110.5479453,
  "timeOut":false,
  "trans":72
}