{
  "avg_addr":816.3478260869565,
  "avg_data":2169490647.6630435,
  "avg_type":0.391304347826087,
  "cacheSize":128,
  "clw":64,
  "failed":true,
  "test":459,
  "testComplexity":2169491464.402174,
  "timeOut":false,
  "trans":54
}