{
  "avg_addr":778.75,
  "avg_data":2261497895.59375,
  "avg_type":0.53125,
  "cacheSize":128,
  "clw":64,
  "failed":true,
  "test":319,
  "testComplexity":2261498674.875,
  "timeOut":false,
  "trans":46
}