{
  "avg_addr":878.1408450704225,
  "avg_data":2050054830.9295774,
  "avg_type":0.5633802816901409,
  "cacheSize":128,
  "clw":64,
  "failed":true,
  "test":353,
  "testComplexity":2050055709.633803,
  "timeOut":false,
  "trans":42
}