{
  "avg_addr":730.3076923076923,
  "avg_data":2191063737.3653846,
  "avg_type":0.4807692307692308,
  "cacheSize":128,
  "clw":64,
  "failed":true,
  "test":258,
  "testComplexity":2191064468.1538463,
  "timeOut":false,
  "trans":48
}