{
  "avg_addr":797.4146341463414,
  "avg_data":2109482781.182927,
  "avg_type":0.4878048780487805,
  "cacheSize":128,
  "clw":64,
  "failed":true,
  "test":406,
  "testComplexity":2109483579.0853658,
  "timeOut":false,
  "trans":46
}