{
  "avg_addr":903.52,
  "avg_data":1969135475.32,
  "avg_type":0.4666666666666667,
  "cacheSize":128,
  "clw":64,
  "failed":true,
  "test":371,
  "testComplexity":1969136379.3066666,
  "timeOut":false,
  "trans":31
}