{
  "avg_addr":733.4193548387096,
  "avg_data":2091671505.8548386,
  "avg_type":0.5483870967741935,
  "cacheSize":128,
  "clw":64,
  "failed":true,
  "test":306,
  "testComplexity":2091672239.8225806,
  "timeOut":false,
  "trans":12
}