{
  "avg_addr":754.9333333333333,
  "avg_data":2148272113.866667,
  "avg_type":0.4,
  "cacheSize":128,
  "clw":64,
  "failed":true,
  "test":375,
  "testComplexity":2148272869.2,
  "timeOut":false,
  "trans":41
}