{
  "avg_addr":815.9285714285714,
  "avg_data":2362681810.767857,
  "avg_type":0.48214285714285715,
  "cacheSize":128,
  "clw":64,
  "failed":true,
  "test":276,
  "testComplexity":2362682627.178571,
  "timeOut":false,
  "trans":32
}