{
  "avg_addr":784.6769230769231,
  "avg_data":2023558702.676923,
  "avg_type":0.5230769230769231,
  "cacheSize":256,
  "clw":64,
  "failed":true,
  "test":817,
  "testComplexity":2023559487.876923,
  "timeOut":false,
  "trans":64
}