{
  "avg_addr":663.4594594594595,
  "avg_data":2206374651.675676,
  "avg_type":0.35135135135135137,
  "cacheSize":128,
  "clw":64,
  "failed":true,
  "test":182,
  "testComplexity":2206375315.4864864,
  "timeOut":false,
  "trans":27
}