{
  "avg_addr":826.5945945945946,
  "avg_data":2272563652.7297297,
  "avg_type":0.5,
  "cacheSize":256,
  "clw":64,
  "failed":true,
  "test":865,
  "testComplexity":2272564479.824324,
  "timeOut":false,
  "trans":47
}