{
  "avg_addr":827.7894736842105,
  "avg_data":2133236800.7763157,
  "avg_type":0.5131578947368421,
  "cacheSize":128,
  "clw":64,
  "failed":true,
  "test":379,
  "testComplexity":2133237629.0789473,
  "timeOut":false,
  "trans":68
}