{
  "avg_addr":810.4303797468355,
  "avg_data":2268260639.379747,
  "avg_type":0.5063291139240507,
  "cacheSize":128,
  "clw":64,
  "failed":true,
  "test":392,
  "testComplexity":2268261450.316456,
  "timeOut":false,
  "trans":26
}