{
  "avg_addr":856.1739130434783,
  "avg_data":2024880199.9347825,
  "avg_type":0.4782608695652174,
  "cacheSize":128,
  "clw":64,
  "failed":true,
  "test":226,
  "testComplexity":2024881056.5869565,
  "timeOut":false,
  "trans":43
}