{
  "avg_addr":928.5555555555555,
  "avg_data":2245985471.0555553,
  "avg_type":0.4166666666666667,
  "cacheSize":128,
  "clw":64,
  "failed":true,
  "test":176,
  "testComplexity":2245986400.0277777,
  "timeOut":false,
  "trans":34
}