{
  "avg_addr":895.0588235294117,
  "avg_data":2290157212.0882354,
  "avg_type":0.4411764705882353,
  "cacheSize":128,
  "clw":64,
  "failed":true,
  "test":336,
  "testComplexity":2290158107.5882354,
  "timeOut":false,
  "trans":24
}