{
  "avg_addr":779.6626506024096,
  "avg_data":2214617095.6626506,
  "avg_type":0.5180722891566265,
  "cacheSize":128,
  "clw":64,
  "failed":true,
  "test":413,
  "testComplexity":2214617875.8433733,
  "timeOut":false,
  "trans":66
}