{
  "avg_addr":845.9661016949152,
  "avg_data":2205516259.338983,
  "avg_type":0.5254237288135594,
  "cacheSize":128,
  "clw":64,
  "failed":true,
  "test":292,
  "testComplexity":2205517105.8305087,
  "timeOut":false,
  "trans":19
}