{
  "avg_addr":800.6274509803922,
  "avg_data":2172505283.72549,
  "avg_type":0.49019607843137253,
  "cacheSize":128,
  "clw":64,
  "failed":true,
  "test":255,
  "testComplexity":2172506084.8431373,
  "timeOut":false,
  "trans":47
}