{
  "avg_addr":763.6825396825396,
  "avg_data":2340085893.174603,
  "avg_type":0.49206349206349204,
  "cacheSize":128,
  "clw":64,
  "failed":true,
  "test":313,
  "testComplexity":2340086657.3492064,
  "timeOut":false,
  "trans":46
}