{
  "avg_addr":728.4489795918367,
  "avg_data":2399993975.5612245,
  "avg_type":0.6020408163265306,
  "cacheSize":128,
  "clw":64,
  "failed":true,
  "test":486,
  "testComplexity":2399994704.612245,
  "timeOut":false,
  "trans":29
}