{
  "avg_addr":707.1219512195122,
  "avg_data":1715339977.0243902,
  "avg_type":0.5609756097560976,
  "cacheSize":128,
  "clw":64,
  "failed":true,
  "test":205,
  "testComplexity":1715340684.707317,
  "timeOut":false,
  "trans":25
}