{
  "avg_addr":691.1515151515151,
  "avg_data":2175703707.2727275,
  "avg_type":0.42424242424242425,
  "cacheSize":128,
  "clw":64,
  "failed":true,
  "test":162,
  "testComplexity":2175704398.848485,
  "timeOut":false,
  "trans":32
}