{
  "avg_addr":897.0566037735849,
  "avg_data":1945025613.490566,
  "avg_type":0.4339622641509434,
  "cacheSize":128,
  "clw":64,
  "failed":true,
  "test":265,
  "testComplexity":1945026510.981132,
  "timeOut":false,
  "trans":51
}