{
  "avg_addr":800.2388059701492,
  "avg_data":2039255312.686567,
  "avg_type":0.44776119402985076,
  "cacheSize":128,
  "clw":64,
  "failed":true,
  "test":335,
  "testComplexity":2039256113.3731344,
  "timeOut":false,
  "trans":58
}