{
  "avg_addr":940.0919540229885,
  "avg_data":2217741284.4252872,
  "avg_type":0.4942528735632184,
  "cacheSize":128,
  "clw":64,
  "failed":true,
  "test":434,
  "testComplexity":2217742225.011494,
  "timeOut":false,
  "trans":83
}