{
  "avg_addr":830.4285714285714,
  "avg_data":2161836628.4166665,
  "avg_type":0.5714285714285714,
  "cacheSize":128,
  "clw":64,
  "failed":true,
  "test":419,
  "testComplexity":2161837459.4166665,
  "timeOut":false,
  "trans":73
}