{
  "avg_addr":749.5,
  "avg_data":2121312373.8863637,
  "avg_type":0.45454545454545453,
  "cacheSize":256,
  "clw":64,
  "failed":true,
  "test":933,
  "testComplexity":2121313123.840909,
  "timeOut":false,
  "trans":34
}