{
  "avg_addr":824.4324324324324,
  "avg_data":2053961572.7432432,
  "avg_type":0.6081081081081081,
  "cacheSize":128,
  "clw":64,
  "failed":true,
  "test":370,
  "testComplexity":2053962397.7837837,
  "timeOut":false,
  "trans":72
}