{
  "avg_addr":766.1142857142858,
  "avg_data":2093547896.0142858,
  "avg_type":0.5571428571428572,
  "cacheSize":128,
  "clw":64,
  "failed":true,
  "test":348,
  "testComplexity":2093548662.6857142,
  "timeOut":false,
  "trans":18
}