{
  "avg_addr":783.7826086956521,
  "avg_data":1851983745.5652175,
  "avg_type":0.44565217391304346,
  "cacheSize":128,
  "clw":64,
  "failed":true,
  "test":458,
  "testComplexity":1851984529.7934783,
  "timeOut":false,
  "trans":62
}