{
  "avg_addr":831.2727272727273,
  "avg_data":2040901942.8636363,
  "avg_type":0.45454545454545453,
  "cacheSize":128,
  "clw":64,
  "failed":true,
  "test":216,
  "testComplexity":2040902774.590909,
  "timeOut":false,
  "trans":21
}