{
  "avg_addr":835.340206185567,
  "avg_data":1961604919.0824742,
  "avg_type":0.5360824742268041,
  "cacheSize":128,
  "clw":64,
  "failed":true,
  "test":481,
  "testComplexity":1961605754.958763,
  "timeOut":false,
  "trans":86
}