{
  "avg_addr":840.1111111111111,
  "avg_data":2098502953.9166667,
  "avg_type":0.5833333333333334,
  "cacheSize":128,
  "clw":64,
  "failed":true,
  "test":180,
  "testComplexity":2098503794.6111112,
  "timeOut":false,
  "trans":27
}