{
  "avg_addr":757.25,
  "avg_data":2178598626.53125,
  "avg_type":0.5625,
  "cacheSize":128,
  "clw":64,
  "failed":true,
  "test":160,
  "testComplexity":2178599384.34375,
  "timeOut":false,
  "trans":30
}