{
  "avg_addr":763.5471698113207,
  "avg_data":2261694616.6037736,
  "avg_type":0.49056603773584906,
  "cacheSize":128,
  "clw":64,
  "failed":true,
  "test":261,
  "testComplexity":2261695380.6415095,
  "timeOut":false,
  "trans":44
}