{
  "avg_addr":853.4615384615385,
  "avg_data":2118043173.1538463,
  "avg_type":0.4230769230769231,
  "cacheSize":256,
  "clw":64,
  "failed":true,
  "test":753,
  "testComplexity":2118044027.0384614,
  "timeOut":false,
  "trans":31
}