{
  "avg_addr":780.0459770114943,
  "avg_data":2171387815.011494,
  "avg_type":0.45977011494252873,
  "cacheSize":128,
  "clw":64,
  "failed":true,
  "test":431,
  "testComplexity":2171388595.5172415,
  "timeOut":false,
  "trans":41
}