{
  "avg_addr":849.2941176470588,
  "avg_data":2178583811.220588,
  "avg_type":0.4852941176470588,
  "cacheSize":128,
  "clw":64,
  "failed":true,
  "test":337,
  "testComplexity":2178584661.0,
  "timeOut":false,
  "trans":41
}