{
  "avg_addr":890.8936170212766,
  "avg_data":2259792139.191489,
  "avg_type":0.44680851063829785,
  "cacheSize":128,
  "clw":64,
  "failed":true,
  "test":235,
  "testComplexity":2259793030.5319147,
  "timeOut":false,
  "trans":47
}