{
  "avg_addr":811.8072289156627,
  "avg_data":2109061346.0,
  "avg_type":0.5301204819277109,
  "cacheSize":128,
  "clw":64,
  "failed":true,
  "test":413,
  "testComplexity":2109062158.3373494,
  "timeOut":false,
  "trans":42
}