{
  "avg_addr":940.695652173913,
  "avg_data":2635015296.5652175,
  "avg_type":0.6521739130434783,
  "cacheSize":128,
  "clw":64,
  "failed":true,
  "test":111,
  "testComplexity":2635016237.9130435,
  "timeOut":false,
  "trans":23
}