{
  "avg_addr":823.3766233766233,
  "avg_data":2204942919.4805193,
  "avg_type":0.4805194805194805,
  "cacheSize":128,
  "clw":64,
  "failed":true,
  "test":383,
  "testComplexity":2204943743.337662,
  "timeOut":false,
  "trans":48
}