{
  "avg_addr":748.9056603773585,
  "avg_data":2487688263.943396,
  "avg_type":0.4528301886792453,
  "cacheSize":128,
  "clw":64,
  "failed":true,
  "test":265,
  "testComplexity":2487689013.3018866,
  "timeOut":false,
  "trans":39
}