{
  "avg_addr":796.8571428571429,
  "avg_data":2098278380.1571429,
  "avg_type":0.42857142857142855,
  "cacheSize":128,
  "clw":64,
  "failed":true,
  "test":349,
  "testComplexity":2098279177.442857,
  "timeOut":false,
  "trans":61
}