{
  "avg_addr":740.0851063829788,
  "avg_data":2168634818.893617,
  "avg_type":0.48936170212765956,
  "cacheSize":128,
  "clw":64,
  "failed":true,
  "test":235,
  "testComplexity":2168635559.4680853,
  "timeOut":false,
  "trans":45
}