{
  "avg_addr":682.3846153846154,
  "avg_data":1923079646.5576923,
  "avg_type":0.5384615384615384,
  "cacheSize":128,
  "clw":64,
  "failed":true,
  "test":257,
  "testComplexity":1923080329.4807692,
  "timeOut":false,
  "trans":42
}