{
  "avg_addr":755.5409836065573,
  "avg_data":1937695378.1147542,
  "avg_type":0.4426229508196721,
  "cacheSize":128,
  "clw":64,
  "failed":true,
  "test":304,
  "testComplexity":1937696134.0983605,
  "timeOut":false,
  "trans":31
}