{
  "avg_addr":763.4285714285714,
  "avg_data":2143736715.4805195,
  "avg_type":0.4155844155844156,
  "cacheSize":128,
  "clw":64,
  "failed":true,
  "test":383,
  "testComplexity":2143737479.3246753,
  "timeOut":false,
  "trans":49
}