{
  "avg_addr":935.6190476190476,
  "avg_data":2148095749.4444447,
  "avg_type":0.5396825396825397,
  "cacheSize":128,
  "clw":64,
  "failed":true,
  "test":313,
  "testComplexity":2148096685.6031747,
  "timeOut":false,
  "trans":53
}