{
  "avg_addr":838.5333333333333,
  "avg_data":1678985102.5333333,
  "avg_type":0.43333333333333335,
  "cacheSize":128,
  "clw":64,
  "failed":true,
  "test":150,
  "testComplexity":1678985941.5,
  "timeOut":false,
  "trans":24
}