{
  "avg_addr":755.3846153846154,
  "avg_data":2088857049.5824175,
  "avg_type":0.4835164835164835,
  "cacheSize":256,
  "clw":64,
  "failed":true,
  "test":949,
  "testComplexity":2088857805.4505494,
  "timeOut":false,
  "trans":69
}