{
  "avg_addr":847.3333333333334,
  "avg_data":2160556238.0238094,
  "avg_type":0.4880952380952381,
  "cacheSize":128,
  "clw":64,
  "failed":true,
  "test":419,
  "testComplexity":2160557085.845238,
  "timeOut":false,
  "trans":38
}