{
  "avg_addr":787.4157303370787,
  "avg_data":1944947062.3483145,
  "avg_type":0.5056179775280899,
  "cacheSize":128,
  "clw":64,
  "failed":true,
  "test":442,
  "testComplexity":1944947850.2696629,
  "timeOut":false,
  "trans":70
}