{
  "avg_addr":865.0625,
  "avg_data":2222220619.140625,
  "avg_type":0.5,
  "cacheSize":128,
  "clw":64,
  "failed":true,
  "test":320,
  "testComplexity":2222221484.703125,
  "timeOut":false,
  "trans":39
}