{
  "avg_addr":731.5076923076923,
  "avg_data":2262422377.723077,
  "avg_type":0.5384615384615384,
  "cacheSize":128,
  "clw":64,
  "failed":true,
  "test":324,
  "testComplexity":2262423109.769231,
  "timeOut":false,
  "trans":30
}