{
  "avg_addr":752.7529411764706,
  "avg_data":2057190166.4941177,
  "avg_type":0.4588235294117647,
  "cacheSize":128,
  "clw":64,
  "failed":true,
  "test":421,
  "testComplexity":2057190919.7058823,
  "timeOut":false,
  "trans":49
}