{
  "avg_addr":808.5405405405405,
  "avg_data":1970929238.3513513,
  "avg_type":0.5,
  "cacheSize":128,
  "clw":64,
  "failed":true,
  "test":366,
  "testComplexity":1970930047.391892,
  "timeOut":false,
  "trans":74
}