{
  "avg_addr":774.7906976744187,
  "avg_data":2124511516.5813954,
  "avg_type":0.5116279069767442,
  "cacheSize":128,
  "clw":64,
  "failed":true,
  "test":215,
  "testComplexity":2124512291.8837209,
  "timeOut":false,
  "trans":41
}