{
  "avg_addr":808.955223880597,
  "avg_data":2142399853.6268656,
  "avg_type":0.5074626865671642,
  "cacheSize":128,
  "clw":64,
  "failed":true,
  "test":331,
  "testComplexity":2142400663.0895522,
  "timeOut":false,
  "trans":28
}