{
  "avg_addr":831.4782608695652,
  "avg_data":2132829480.710145,
  "avg_type":0.42028985507246375,
  "cacheSize":128,
  "clw":64,
  "failed":true,
  "test":341,
  "testComplexity":2132830312.6086957,
  "timeOut":false,
  "trans":56
}