{
  "avg_addr":837.8461538461538,
  "avg_data":2195768284.0384617,
  "avg_type":0.6153846153846154,
  "cacheSize":128,
  "clw":64,
  "failed":true,
  "test":128,
  "testComplexity":2195769122.5,
  "timeOut":false,
  "trans":23
}