{
  "avg_addr":799.1208791208791,
  "avg_data":2069891425.967033,
  "avg_type":0.5604395604395604,
  "cacheSize":128,
  "clw":64,
  "failed":true,
  "test":454,
  "testComplexity":2069892225.6483517,
  "timeOut":false,
  "trans":75
}