{
  "avg_addr":932.1818181818181,
  "avg_data":1933725730.5,
  "avg_type":0.6818181818181818,
  "cacheSize":128,
  "clw":64,
  "failed":true,
  "test":107,
  "testComplexity":1933726663.3636363,
  "timeOut":false,
  "trans":12
}