{
  "avg_addr":786.5762711864406,
  "avg_data":2324911576.0338984,
  "avg_type":0.5423728813559322,
  "cacheSize":128,
  "clw":64,
  "failed":true,
  "test":291,
  "testComplexity":2324912363.1525426,
  "timeOut":false,
  "trans":57
}