{
  "avg_addr":750.3466666666667,
  "avg_data":2020221872.8666666,
  "avg_type":0.49333333333333335,
  "cacheSize":256,
  "clw":64,
  "failed":true,
  "test":869,
  "testComplexity":2020222623.7066667,
  "timeOut":false,
  "trans":42
}