{
  "avg_addr":799.8297872340426,
  "avg_data":2156021043.7765956,
  "avg_type":0.425531914893617,
  "cacheSize":128,
  "clw":64,
  "failed":true,
  "test":469,
  "testComplexity":2156021844.0319147,
  "timeOut":false,
  "trans":85
}