{
  "avg_addr":717.6521739130435,
  "avg_data":2251966900.478261,
  "avg_type":0.41304347826086957,
  "cacheSize":128,
  "clw":64,
  "failed":true,
  "test":230,
  "testComplexity":2251967618.5434785,
  "timeOut":false,
  "trans":33
}