{
  "avg_addr":795.0361445783133,
  "avg_data":2363265072.3493977,
  "avg_type":0.5180722891566265,
  "cacheSize":128,
  "clw":64,
  "failed":true,
  "test":415,
  "testComplexity":2363265867.9036145,
  "timeOut":false,
  "trans":72
}