{
  "avg_addr":852.1904761904761,
  "avg_data":2691709051.3333335,
  "avg_type":0.5714285714285714,
  "cacheSize":128,
  "clw":64,
  "failed":true,
  "test":101,
  "testComplexity":2691709904.095238,
  "timeOut":false,
  "trans":15
}