{
  "avg_addr":825.9230769230769,
  "avg_data":2066921837.4615386,
  "avg_type":0.5384615384615384,
  "cacheSize":128,
  "clw":64,
  "failed":true,
  "test":256,
  "testComplexity":2066922663.9230769,
  "timeOut":false,
  "trans":31
}