{
  "avg_addr":937.3571428571429,
  "avg_data":2070531803.1785715,
  "avg_type":0.4642857142857143,
  "cacheSize":128,
  "clw":64,
  "failed":true,
  "test":276,
  "testComplexity":2070532741.0,
  "timeOut":false,
  "trans":40
}