{
  "avg_addr":788.390243902439,
  "avg_data":2250488623.512195,
  "avg_type":0.6341463414634146,
  "cacheSize":128,
  "clw":64,
  "failed":true,
  "test":205,
  "testComplexity":2250489412.5365853,
  "timeOut":false,
  "trans":12
}