{
  "avg_addr":883.5744680851063,
  "avg_data":2268793720.255319,
  "avg_type":0.5319148936170213,
  "cacheSize":128,
  "clw":64,
  "failed":true,
  "test":231,
  "testComplexity":2268794604.361702,
  "timeOut":false,
  "trans":20
}