{
  "avg_addr":826.8817204301075,
  "avg_data":2223705619.483871,
  "avg_type":0.5376344086021505,
  "cacheSize":128,
  "clw":64,
  "failed":true,
  "test":461,
  "testComplexity":2223706446.903226,
  "timeOut":false,
  "trans":85
}