{
  "avg_addr":833.9368421052632,
  "avg_data":2290564822.1789474,
  "avg_type":0.4842105263157895,
  "cacheSize":128,
  "clw":64,
  "failed":true,
  "test":474,
  "testComplexity":2290565656.6,
  "timeOut":false,
  "trans":42
}