{
  "avg_addr":831.4105263157895,
  "avg_data":2080687157.2736843,
  "avg_type":0.4631578947368421,
  "cacheSize":128,
  "clw":64,
  "failed":true,
  "test":475,
  "testComplexity":2080687989.1473684,
  "timeOut":false,
  "trans":41
}