{
  "avg_addr":714.4175824175824,
  "avg_data":2209551951.7582417,
  "avg_type":0.43956043956043955,
  "cacheSize":128,
  "clw":64,
  "failed":true,
  "test":451,
  "testComplexity":2209552666.6153846,
  "timeOut":false,
  "trans":58
}