{
  "avg_addr":728.7311827956989,
  "avg_data":2150068507.204301,
  "avg_type":0.5161290322580645,
  "cacheSize":128,
  "clw":64,
  "failed":true,
  "test":464,
  "testComplexity":2150069236.451613,
  "timeOut":false,
  "trans":42
}