{
  "avg_addr":638.074074074074,
  "avg_data":2307138509.259259,
  "avg_type":0.6296296296296297,
  "cacheSize":128,
  "clw":64,
  "failed":true,
  "test":266,
  "testComplexity":2307139147.962963,
  "timeOut":false,
  "trans":32
}