{
  "avg_addr":757.5,
  "avg_data":2198566141.6944447,
  "avg_type":0.4027777777777778,
  "cacheSize":128,
  "clw":64,
  "failed":true,
  "test":357,
  "testComplexity":2198566899.5972223,
  "timeOut":false,
  "trans":60
}