{
  "avg_addr":812.8823529411765,
  "avg_data":2020013211.4558823,
  "avg_type":0.5588235294117647,
  "cacheSize":256,
  "clw":64,
  "failed":true,
  "test":832,
  "testComplexity":2020014024.8970587,
  "timeOut":false,
  "trans":51
}