{
  "avg_addr":749.9555555555555,
  "avg_data":1996977209.1111112,
  "avg_type":0.5555555555555556,
  "cacheSize":128,
  "clw":64,
  "failed":true,
  "test":224,
  "testComplexity":1996977959.6222222,
  "timeOut":false,
  "trans":43
}