{
  "avg_addr":752.3921568627451,
  "avg_data":2263782641.980392,
  "avg_type":0.43137254901960786,
  "cacheSize":128,
  "clw":64,
  "failed":true,
  "test":254,
  "testComplexity":2263783394.8039217,
  "timeOut":false,
  "trans":36
}