{
  "avg_addr":804.1269841269841,
  "avg_data":1979051724.3015873,
  "avg_type":0.4603174603174603,
  "cacheSize":128,
  "clw":64,
  "failed":true,
  "test":314,
  "testComplexity":1979052528.8888888,
  "timeOut":false,
  "trans":10
}