{
  "avg_addr":783.3636363636364,
  "avg_data":2098617621.7386363,
  "avg_type":0.4431818181818182,
  "cacheSize":128,
  "clw":64,
  "failed":true,
  "test":437,
  "testComplexity":2098618405.5454545,
  "timeOut":false,
  "trans":80
}