{
  "avg_addr":788.7887323943662,
  "avg_data":2151397096.028169,
  "avg_type":0.39436619718309857,
  "cacheSize":128,
  "clw":64,
  "failed":true,
  "test":353,
  "testComplexity":2151397885.2112675,
  "timeOut":false,
  "trans":35
}