{
  "avg_addr":774.4705882352941,
  "avg_data":2037628663.485294,
  "avg_type":0.5588235294117647,
  "cacheSize":128,
  "clw":64,
  "failed":true,
  "test":336,
  "testComplexity":2037629438.514706,
  "timeOut":false,
  "trans":60
}