{
  "avg_addr":646.8571428571429,
  "avg_data":2675835841.785714,
  "avg_type":0.5714285714285714,
  "cacheSize":128,
  "clw":64,
  "failed":true,
  "test":69,
  "testComplexity":2675836489.214286,
  "timeOut":false,
  "trans":12
}