{
  "avg_addr":756.0,
  "avg_data":2125049206.1666667,
  "avg_type":0.3888888888888889,
  "cacheSize":128,
  "clw":64,
  "failed":true,
  "test":359,
  "testComplexity":2125049962.5555556,
  "timeOut":false,
  "trans":35
}