{
  "avg_addr":855.7142857142857,
  "avg_data":1996927808.1836734,
  "avg_type":0.5,
  "cacheSize":128,
  "clw":64,
  "failed":true,
  "test":490,
  "testComplexity":1996928664.3979592,
  "timeOut":false,
  "trans":87
}