{
  "avg_addr":834.7906976744187,
  "avg_data":2292055219.9883723,
  "avg_type":0.5,
  "cacheSize":128,
  "clw":64,
  "failed":true,
  "test":427,
  "testComplexity":2292056055.27907,
  "timeOut":false,
  "trans":83
}