{
  "avg_addr":811.0112359550562,
  "avg_data":2226320440.280899,
  "avg_type":0.4606741573033708,
  "cacheSize":256,
  "clw":64,
  "failed":true,
  "test":938,
  "testComplexity":2226321251.752809,
  "timeOut":false,
  "trans":33
}