{
  "avg_addr":876.2539682539683,
  "avg_data":2063087459.2063491,
  "avg_type":0.42857142857142855,
  "cacheSize":128,
  "clw":64,
  "failed":true,
  "test":314,
  "testComplexity":2063088335.8888888,
  "timeOut":false,
  "trans":60
}