{
  "avg_addr":845.5744680851063,
  "avg_data":2309285374.3297873,
  "avg_type":0.5212765957446809,
  "cacheSize":8192,
  "clw":1024,
  "failed":true,
  "test":74,
  "testComplexity":2309286220.425532,
  "timeOut":false,
  "trans":87
}