{
  "avg_addr":789.5333333333333,
  "avg_data":2312849102.5333333,
  "avg_type":0.4166666666666667,
  "cacheSize":2048,
  "clw":1024,
  "failed":true,
  "test":37,
  "testComplexity":2312849892.483333,
  "timeOut":false,
  "trans":53
}