{
  "avg_addr":764.6315789473684,
  "avg_data":2059829061.2947369,
  "avg_type":0.49473684210526314,
  "cacheSize":1024,
  "clw":512,
  "failed":true,
  "test":29,
  "testComplexity":2059829826.4210527,
  "timeOut":false,
  "trans":0
}