{
  "avg_addr":827.1460674157304,
  "avg_data":2220073588.696629,
  "avg_type":0.48314606741573035,
  "cacheSize":2048,
  "clw":512,
  "failed":true,
  "test":36,
  "testComplexity":2220074416.325843,
  "timeOut":false,
  "trans":49
}