{
  "avg_addr":820.4943820224719,
  "avg_data":1975757535.8876405,
  "avg_type":0.4943820224719101,
  "cacheSize":4096,
  "clw":128,
  "failed":true,
  "test":18,
  "testComplexity":1975758356.8764045,
  "timeOut":false,
  "trans":88
}