{
  "avg_addr":875.5087719298245,
  "avg_data":2188461809.5789475,
  "avg_type":0.45614035087719296,
  "cacheSize":8192,
  "clw":1024,
  "failed":true,
  "test":27,
  "testComplexity":2188462685.5438595,
  "timeOut":false,
  "trans":54
}