{
  "avg_addr":812.3582089552239,
  "avg_data":2064575093.4477613,
  "avg_type":0.417910447761194,
  "cacheSize":2048,
  "clw":1024,
  "failed":true,
  "test":15,
  "testComplexity":2064575906.2238805,
  "timeOut":false,
  "trans":47
}