{
  "avg_addr":812.0526315789474,
  "avg_data":2439558030.6842103,
  "avg_type":0.4868421052631579,
  "cacheSize":2048,
  "clw":256,
  "failed":true,
  "test":42,
  "testComplexity":2439558843.2236843,
  "timeOut":false,
  "trans":33
}