{
  "avg_addr":744.695652173913,
  "avg_data":1881145540.5217392,
  "avg_type":0.30434782608695654,
  "cacheSize":4096,
  "clw":1024,
  "failed":true,
  "test":92,
  "testComplexity":1881146285.5217392,
  "timeOut":false,
  "trans":19
}