{
  "avg_addr":705.3846153846154,
  "avg_data":2067736822.7307692,
  "avg_type":0.38461538461538464,
  "cacheSize":1024,
  "clw":256,
  "failed":true,
  "test":36,
  "testComplexity":2067737528.5,
  "timeOut":false,
  "trans":69
}