{
  "avg_addr":760.1739130434783,
  "avg_data":2293297782.576087,
  "avg_type":0.5,
  "cacheSize":4096,
  "clw":1024,
  "failed":true,
  "test":63,
  "testComplexity":2293298543.25,
  "timeOut":false,
  "trans":63
}