{
  "avg_addr":845.5257731958762,
  "avg_data":2082087341.556701,
  "avg_type":0.5773195876288659,
  "cacheSize":4096,
  "clw":1024,
  "failed":true,
  "test":49,
  "testComplexity":2082088187.6597939,
  "timeOut":false,
  "trans":54
}