{
  "avg_addr":703.6923076923077,
  "avg_data":2415719435.8076925,
  "avg_type":0.5384615384615384,
  "cacheSize":256,
  "clw":128,
  "failed":true,
  "test":14,
  "testComplexity":2415720140.0384617,
  "timeOut":false,
  "trans":48
}