{
  "avg_addr":727.8181818181819,
  "avg_data":2151631437.287879,
  "avg_type":0.3939393939393939,
  "cacheSize":8192,
  "clw":1024,
  "failed":true,
  "test":80,
  "testComplexity":2151632165.5,
  "timeOut":false,
  "trans":63
}