{
  "avg_addr":908.0,
  "avg_data":2171776672.811321,
  "avg_type":0.5849056603773585,
  "cacheSize":2048,
  "clw":64,
  "failed":false,
  "test":100,
  "testComplexity":2171777581.3962264,
  "timeOut":false,
  "trans":53
}