{
  "avg_addr":707.8260869565217,
  "avg_data":2234770209.0434785,
  "avg_type":0.5797101449275363,
  "cacheSize":1024,
  "clw":64,
  "failed":true,
  "test":31,
  "testComplexity":2234770917.4492755,
  "timeOut":false,
  "trans":56
}