{
  "avg_addr":835.1875,
  "avg_data":2345672523.40625,
  "avg_type":0.390625,
  "cacheSize":4096,
  "clw":1024,
  "failed":true,
  "test":71,
  "testComplexity":2345673358.984375,
  "timeOut":false,
  "trans":59
}