{
  "avg_addr":793.7142857142857,
  "avg_data":2077359981.2,
  "avg_type":0.5714285714285714,
  "cacheSize":256,
  "clw":64,
  "failed":true,
  "test":21,
  "testComplexity":2077360775.4857142,
  "timeOut":false,
  "trans":17
}