{
  "avg_addr":718.4827586206897,
  "avg_data":2315413182.862069,
  "avg_type":0.41379310344827586,
  "cacheSize":128,
  "clw":64,
  "failed":false,
  "test":100,
  "testComplexity":2315413901.7586207,
  "timeOut":false,
  "trans":29
}