{
  "avg_addr":788.1379310344828,
  "avg_data":1995361830.6551723,
  "avg_type":0.5172413793103449,
  "cacheSize":8192,
  "clw":64,
  "failed":true,
  "test":23,
  "testComplexity":1995362619.310345,
  "timeOut":false,
  "trans":40
}