{
  "avg_addr":872.8,
  "avg_data":1827375851.6923077,
  "avg_type":0.4461538461538462,
  "cacheSize":1024,
  "clw":256,
  "failed":true,
  "test":2,
  "testComplexity":1827376724.9384615,
  "timeOut":false,
  "trans":40
}