{
  "avg_addr":828.1632653061224,
  "avg_data":2197593591.3469386,
  "avg_type":0.5918367346938775,
  "cacheSize":256,
  "clw":64,
  "failed":false,
  "test":100,
  "testComplexity":2197594420.102041,
  "timeOut":false,
  "trans":49
}