{
  "avg_addr":753.8823529411765,
  "avg_data":2213809244.5,
  "avg_type":0.4411764705882353,
  "cacheSize":1024,
  "clw":64,
  "failed":true,
  "test":38,
  "testComplexity":2213809998.8235292,
  "timeOut":false,
  "trans":53
}