{
  "avg_addr":840.2526315789473,
  "avg_data":2223292790.726316,
  "avg_type":0.42105263157894735,
  "cacheSize":4096,
  "clw":256,
  "failed":true,
  "test":22,
  "testComplexity":2223293631.4,
  "timeOut":false,
  "trans":69
}