{
  "avg_addr":775.2328767123288,
  "avg_data":2167232567.547945,
  "avg_type":0.4931506849315068,
  "cacheSize":2048,
  "clw":1024,
  "failed":true,
  "test":27,
  "testComplexity":2167233343.2739725,
  "timeOut":false,
  "trans":65
}