{
  "avg_addr":784.6153846153846,
  "avg_data":2277475281.571429,
  "avg_type":0.5824175824175825,
  "cacheSize":4096,
  "clw":128,
  "failed":true,
  "test":19,
  "testComplexity":2277476066.769231,
  "timeOut":false,
  "trans":89
}