{
  "avg_addr":778.5454545454545,
  "avg_data":2309228524.9772725,
  "avg_type":0.375,
  "cacheSize":512,
  "clw":256,
  "failed":true,
  "test":29,
  "testComplexity":2309229303.8977275,
  "timeOut":false,
  "trans":82
}