{
  "avg_addr":813.5157894736842,
  "avg_data":2271362780.8526316,
  "avg_type":0.49473684210526314,
  "cacheSize":2048,
  "clw":128,
  "failed":true,
  "test":40,
  "testComplexity":2271363594.8631577,
  "timeOut":false,
  "trans":87
}