{
  "avg_addr":724.7826086956521,
  "avg_data":1932574006.5326087,
  "avg_type":0.5217391304347826,
  "cacheSize":4096,
  "clw":512,
  "failed":true,
  "test":13,
  "testComplexity":1932574731.8369565,
  "timeOut":false,
  "trans":72
}