{
  "avg_addr":741.8585858585859,
  "avg_data":2052535074.838384,
  "avg_type":0.45454545454545453,
  "cacheSize":4096,
  "clw":512,
  "failed":true,
  "test":22,
  "testComplexity":2052535817.1515152,
  "timeOut":false,
  "trans":89
}