{
  "avg_addr":765.2903225806451,
  "avg_data":2328820844.1505375,
  "avg_type":0.5376344086021505,
  "cacheSize":4096,
  "clw":512,
  "failed":true,
  "test":1,
  "testComplexity":2328821609.9784946,
  "timeOut":false,
  "trans":58
}