{
  "avg_addr":903.7333333333333,
  "avg_data":2267028048.0333333,
  "avg_type":0.36666666666666664,
  "cacheSize":2048,
  "clw":256,
  "failed":true,
  "test":19,
  "testComplexity":2267028952.133333,
  "timeOut":false,
  "trans":21
}