{
  "avg_addr":905.0909090909091,
  "avg_data":1992234050.3636363,
  "avg_type":0.45454545454545453,
  "cacheSize":2048,
  "clw":512,
  "failed":true,
  "test":39,
  "testComplexity":1992234955.909091,
  "timeOut":false,
  "trans":21
}