{
  "avg_addr":793.1891891891892,
  "avg_data":2289417073.4594593,
  "avg_type":0.5405405405405406,
  "cacheSize":65536,
  "clw":1024,
  "failed":false,
  "test":100,
  "testComplexity":2289417867.189189,
  "timeOut":false,
  "trans":74
}