{
  "avg_addr":826.6024096385543,
  "avg_data":2016092579.7831326,
  "avg_type":0.46987951807228917,
  "cacheSize":4096,
  "clw":1024,
  "failed":true,
  "test":1,
  "testComplexity":2016093406.8554218,
  "timeOut":false,
  "trans":55
}