{
  "avg_addr":735.1904761904761,
  "avg_data":2105592858.1547618,
  "avg_type":0.5357142857142857,
  "cacheSize":8192,
  "clw":1024,
  "failed":true,
  "test":36,
  "testComplexity":2105593593.8809524,
  "timeOut":false,
  "trans":57
}