{
  "avg_addr":935.0909090909091,
  "avg_data":2213655639.2954545,
  "avg_type":0.45454545454545453,
  "cacheSize":2048,
  "clw":512,
  "failed":true,
  "test":50,
  "testComplexity":2213656574.840909,
  "timeOut":false,
  "trans":43
}