{
  "avg_addr":867.3333333333334,
  "avg_data":1966234302.1354167,
  "avg_type":0.4166666666666667,
  "cacheSize":512,
  "clw":128,
  "failed":true,
  "test":15,
  "testComplexity":1966235169.8854167,
  "timeOut":false,
  "trans":58
}