{
  "avg_addr":886.3092783505155,
  "avg_data":2297455072.4948454,
  "avg_type":0.5257731958762887,
  "cacheSize":8192,
  "clw":1024,
  "failed":true,
  "test":21,
  "testComplexity":2297455959.329897,
  "timeOut":false,
  "trans":62
}