{
  "avg_addr":863.2615384615384,
  "avg_data":2200230990.5538464,
  "avg_type":0.47692307692307695,
  "cacheSize":8192,
  "clw":1024,
  "failed":true,
  "test":13,
  "testComplexity":2200231854.292308,
  "timeOut":false,
  "trans":42
}