{
  "avg_addr":913.5555555555555,
  "avg_data":1689220408.0555556,
  "avg_type":0.4444444444444444,
  "cacheSize":512,
  "clw":64,
  "failed":false,
  "test":100,
  "testComplexity":1689221322.0555556,
  "timeOut":false,
  "trans":18
}