{
  "avg_addr":892.5106382978723,
  "avg_data":2190448573.1595745,
  "avg_type":0.5106382978723404,
  "cacheSize":4096,
  "clw":256,
  "failed":true,
  "test":69,
  "testComplexity":2190449466.180851,
  "timeOut":false,
  "trans":59
}