{
  "avg_addr":766.716049382716,
  "avg_data":2086890834.7654321,
  "avg_type":0.5061728395061729,
  "cacheSize":2048,
  "clw":1024,
  "failed":true,
  "test":1,
  "testComplexity":2086891601.9876542,
  "timeOut":false,
  "trans":66
}