{
  "avg_addr":667.9166666666666,
  "avg_data":2106239262.875,
  "avg_type":0.5208333333333334,
  "cacheSize":4096,
  "clw":256,
  "failed":true,
  "test":29,
  "testComplexity":2106239931.3125,
  "timeOut":false,
  "trans":46
}