{
  "avg_addr":778.7865168539325,
  "avg_data":2121787981.516854,
  "avg_type":0.4943820224719101,
  "cacheSize":1024,
  "clw":256,
  "failed":true,
  "test":68,
  "testComplexity":2121788760.7977529,
  "timeOut":false,
  "trans":77
}