{
  "avg_addr":834.5714285714286,
  "avg_data":2196552855.357143,
  "avg_type":0.5535714285714286,
  "cacheSize":512,
  "clw":128,
  "failed":true,
  "test":32,
  "testComplexity":2196553690.482143,
  "timeOut":false,
  "trans":38
}