{
  "avg_addr":784.3809523809524,
  "avg_data":2181882702.5238094,
  "avg_type":0.5952380952380952,
  "cacheSize":2048,
  "clw":128,
  "failed":true,
  "test":23,
  "testComplexity":2181883487.5,
  "timeOut":false,
  "trans":67
}