{
  "avg_addr":845.4418604651163,
  "avg_data":2159345262.6860466,
  "avg_type":0.45348837209302323,
  "cacheSize":1024,
  "clw":256,
  "failed":true,
  "test":19,
  "testComplexity":2159346108.581395,
  "timeOut":false,
  "trans":81
}