{
  "avg_addr":783.4823529411765,
  "avg_data":2128939197.5294118,
  "avg_type":0.5294117647058824,
  "cacheSize":4096,
  "clw":512,
  "failed":true,
  "test":12,
  "testComplexity":2128939981.5411766,
  "timeOut":false,
  "trans":71
}