{
  "avg_addr":887.875,
  "avg_data":2275452742.84375,
  "avg_type":0.53125,
  "cacheSize":2048,
  "clw":256,
  "failed":true,
  "test":24,
  "testComplexity":2275453631.25,
  "timeOut":false,
  "trans":24
}