{
  "avg_addr":913.7142857142857,
  "avg_data":3034696161.0,
  "avg_type":0.2857142857142857,
  "cacheSize":128,
  "clw":64,
  "failed":true,
  "test":32,
  "testComplexity":3034697075.0,
  "timeOut":false,
  "trans":5
}