{
  "avg_addr":638.1818181818181,
  "avg_data":2628887224.6363635,
  "avg_type":0.45454545454545453,
  "cacheSize":128,
  "clw":64,
  "failed":true,
  "test":51,
  "testComplexity":2628887863.2727275,
  "timeOut":false,
  "trans":7
}