{
  "avg_addr":637.8181818181819,
  "avg_data":2026513910.0,
  "avg_type":0.5454545454545454,
  "cacheSize":128,
  "clw":64,
  "failed":true,
  "test":53,
  "testComplexity":2026514548.3636363,
  "timeOut":false,
  "trans":11
}