{
  "avg_addr":832.8888888888889,
  "avg_data":2265433247.0,
  "avg_type":0.4444444444444444,
  "cacheSize":128,
  "clw":64,
  "failed":true,
  "test":44,
  "testComplexity":2265434080.3333335,
  "timeOut":false,
  "trans":9
}