{
  "avg_addr":561.3333333333334,
  "avg_data":1729987444.0,
  "avg_type":0.3333333333333333,
  "cacheSize":128,
  "clw":64,
  "failed":true,
  "test":11,
  "testComplexity":1729988005.6666667,
  "timeOut":false,
  "trans":3
}