{
  "avg_addr":974.0,
  "avg_data":2212157768.7916665,
  "avg_type":0.5,
  "cacheSize":128,
  "clw":64,
  "failed":true,
  "test":116,
  "testComplexity":2212158743.2916665,
  "timeOut":false,
  "trans":7
}