{
  "avg_addr":884.4444444444445,
  "avg_data":1651172571.3888888,
  "avg_type":0.5555555555555556,
  "cacheSize":128,
  "clw":64,
  "failed":true,
  "test":86,
  "testComplexity":1651173456.3888888,
  "timeOut":false,
  "trans":8
}