{
  "avg_addr":762.5316455696203,
  "avg_data":2393588522.379747,
  "avg_type":0.46835443037974683,
  "cacheSize":1024,
  "clw":256,
  "failed":true,
  "test":1,
  "testComplexity":2393589285.379747,
  "timeOut":false,
  "trans":0
}