{
  "avg_addr":859.3478260869565,
  "avg_data":2054631813.2282608,
  "avg_type":0.5108695652173914,
  "cacheSize":8192,
  "clw":1024,
  "failed":true,
  "test":14,
  "testComplexity":2054632673.0869565,
  "timeOut":false,
  "trans":51
}