{
  "avg_addr":799.493670886076,
  "avg_data":2132129649.2911391,
  "avg_type":0.5316455696202531,
  "cacheSize":8192,
  "clw":1024,
  "failed":true,
  "test":1,
  "testComplexity":2132130449.3164556,
  "timeOut":false,
  "trans":1
}