{
  "avg_addr":813.8507462686567,
  "avg_data":2274506039.0,
  "avg_type":0.4626865671641791,
  "cacheSize":8192,
  "clw":512,
  "failed":true,
  "test":1,
  "testComplexity":2274506853.3134327,
  "timeOut":false,
  "trans":1
}