{
  "avg_addr":832.8205128205128,
  "avg_data":2207313444.320513,
  "avg_type":0.47435897435897434,
  "cacheSize":8192,
  "clw":256,
  "failed":false,
  "test":100,
  "testComplexity":2207314277.6153846,
  "timeOut":false,
  "trans":78
}