{
  "avg_addr":844.9655172413793,
  "avg_data":2380628297.3333335,
  "avg_type":0.5402298850574713,
  "cacheSize":1024,
  "clw":128,
  "failed":true,
  "test":1,
  "testComplexity":2380629142.8390803,
  "timeOut":false,
  "trans":3
}