{
  "avg_addr":828.6153846153846,
  "avg_data":2019154058.8901098,
  "avg_type":0.5164835164835165,
  "cacheSize":4096,
  "clw":256,
  "failed":true,
  "test":39,
  "testComplexity":2019154888.0219781,
  "timeOut":false,
  "trans":0
}