{
  "avg_addr":964.6666666666666,
  "avg_data":1658759100.75,
  "avg_type":0.5,
  "cacheSize":2048,
  "clw":512,
  "failed":true,
  "test":1,
  "testComplexity":1658760065.9166667,
  "timeOut":false,
  "trans":7
}