{
  "avg_addr":782.25,
  "avg_data":2104075516.3958333,
  "avg_type":0.4375,
  "cacheSize":2048,
  "clw":64,
  "failed":true,
  "test":1,
  "testComplexity":2104076299.0833333,
  "timeOut":false,
  "trans":9
}