{
  "avg_addr":769.8666666666667,
  "avg_data":2304063245.3,
  "avg_type":0.36666666666666664,
  "cacheSize":1024,
  "clw":512,
  "failed":true,
  "test":1,
  "testComplexity":2304064015.5333333,
  "timeOut":false,
  "trans":5
}