{
  "avg_addr":775.5555555555555,
  "avg_data":2327238030.2222223,
  "avg_type":0.4444444444444444,
  "cacheSize":4096,
  "clw":64,
  "failed":false,
  "test":100,
  "testComplexity":2327238806.2222223,
  "timeOut":false,
  "trans":9
}