{
  "avg_addr":783.2941176470588,
  "avg_data":2017309772.2794118,
  "avg_type":0.5,
  "cacheSize":4096,
  "clw":64,
  "failed":true,
  "test":1,
  "testComplexity":2017310556.0735295,
  "timeOut":false,
  "trans":1
}