{
  "avg_addr":598.7169811320755,
  "avg_data":2135581168.1509433,
  "avg_type":0.5471698113207547,
  "cacheSize":2048,
  "clw":512,
  "failed":true,
  "test":4,
  "testComplexity":2135581767.4150944,
  "timeOut":false,
  "trans":17
}