{
  "avg_addr":698.8571428571429,
  "avg_data":1996485440.4444444,
  "avg_type":0.6190476190476191,
  "cacheSize":32768,
  "clw":512,
  "failed":true,
  "test":1,
  "testComplexity":1996486139.920635,
  "timeOut":false,
  "trans":1
}