{
  "avg_addr":860.1818181818181,
  "avg_data":2383463772.287879,
  "avg_type":0.45454545454545453,
  "cacheSize":4096,
  "clw":64,
  "failed":true,
  "test":1,
  "testComplexity":2383464632.9242425,
  "timeOut":false,
  "trans":50
}