{
  "avg_addr":768.6315789473684,
  "avg_data":2179271876.9078946,
  "avg_type":0.4868421052631579,
  "cacheSize":16384,
  "clw":256,
  "failed":false,
  "test":100,
  "testComplexity":2179272646.0263157,
  "timeOut":false,
  "trans":76
}