{
  "avg_addr":809.5918367346939,
  "avg_data":1942288056.2244897,
  "avg_type":0.41836734693877553,
  "cacheSize":2048,
  "clw":256,
  "failed":false,
  "test":100,
  "testComplexity":1942288866.2346938,
  "timeOut":false,
  "trans":98
}