{
  "avg_addr":733.081081081081,
  "avg_data":1929430859.4189188,
  "avg_type":0.47297297297297297,
  "cacheSize":8192,
  "clw":1024,
  "failed":true,
  "test":1,
  "testComplexity":1929431592.9729729,
  "timeOut":false,
  "trans":2
}