{
  "avg_addr":854.204081632653,
  "avg_data":2232921165.9693875,
  "avg_type":0.4489795918367347,
  "cacheSize":256,
  "clw":64,
  "failed":true,
  "test":1,
  "testComplexity":2232922020.622449,
  "timeOut":false,
  "trans":1
}