{
  "avg_addr":772.7586206896551,
  "avg_data":2000077267.4310346,
  "avg_type":0.4482758620689655,
  "cacheSize":8192,
  "clw":128,
  "failed":false,
  "test":100,
  "testComplexity":2000078040.637931,
  "timeOut":false,
  "trans":58
}