{
  "avg_addr":766.3225806451613,
  "avg_data":2322886495.892473,
  "avg_type":0.6021505376344086,
  "cacheSize":256,
  "clw":64,
  "failed":false,
  "test":100,
  "testComplexity":2322887262.8172045,
  "timeOut":false,
  "trans":93
}