{
  "avg_addr":912.7323943661971,
  "avg_data":2192414925.5211267,
  "avg_type":0.4225352112676056,
  "cacheSize":4096,
  "clw":256,
  "failed":true,
  "test":2,
  "testComplexity":2192415838.6760564,
  "timeOut":false,
  "trans":7
}