{
  "avg_addr":764.1428571428571,
  "avg_data":2185779798.2261906,
  "avg_type":0.5476190476190477,
  "cacheSize":512,
  "clw":128,
  "failed":true,
  "test":9,
  "testComplexity":2185780562.9166665,
  "timeOut":false,
  "trans":61
}