{
  "avg_addr":758.1739130434783,
  "avg_data":2284729868.478261,
  "avg_type":0.5652173913043478,
  "cacheSize":2048,
  "clw":256,
  "failed":true,
  "test":1,
  "testComplexity":2284730627.2173915,
  "timeOut":false,
  "trans":3
}