{
  "avg_addr":731.3333333333334,
  "avg_data":1907073968.8611112,
  "avg_type":0.5833333333333334,
  "cacheSize":256,
  "clw":128,
  "failed":true,
  "test":1,
  "testComplexity":1907074700.7777777,
  "timeOut":false,
  "trans":1
}