{
  "avg_addr":878.0,
  "avg_data":2176439246.706897,
  "avg_type":0.46551724137931033,
  "cacheSize":1024,
  "clw":128,
  "failed":true,
  "test":2,
  "testComplexity":2176440125.172414,
  "timeOut":false,
  "trans":1
}