{
  "avg_addr":886.7142857142857,
  "avg_data":1827971287.8392856,
  "avg_type":0.5178571428571429,
  "cacheSize":8192,
  "clw":256,
  "failed":true,
  "test":1,
  "testComplexity":1827972175.0714285,
  "timeOut":false,
  "trans":1
}