{
  "avg_addr":757.8227848101266,
  "avg_data":1877087161.5822785,
  "avg_type":0.4430379746835443,
  "cacheSize":512,
  "clw":256,
  "failed":true,
  "test":1,
  "testComplexity":1877087919.8481014,
  "timeOut":false,
  "trans":1
}