{
  "avg_addr":697.0,
  "avg_data":2231813426.4583335,
  "avg_type":0.7083333333333334,
  "cacheSize":2048,
  "clw":512,
  "failed":true,
  "test":1,
  "testComplexity":2231814124.1666665,
  "timeOut":false,
  "trans":0
}