{
  "avg_addr":787.4285714285714,
  "avg_data":1982528418.2,
  "avg_type":0.5142857142857142,
  "cacheSize":1024,
  "clw":256,
  "failed":true,
  "test":2,
  "testComplexity":1982529206.142857,
  "timeOut":false,
  "trans":7
}