{
  "avg_addr":817.2244897959183,
  "avg_data":2018301489.367347,
  "avg_type":0.4897959183673469,
  "cacheSize":8192,
  "clw":512,
  "failed":true,
  "test":9,
  "testComplexity":2018302307.0816326,
  "timeOut":false,
  "trans":96
}