{
  "avg_addr":757.7073170731708,
  "avg_data":1949369819.3414633,
  "avg_type":0.4634146341463415,
  "cacheSize":65536,
  "clw":1024,
  "failed":false,
  "test":100,
  "testComplexity":1949370577.512195,
  "timeOut":false,
  "trans":82
}