{
  "avg_addr":755.7530864197531,
  "avg_data":2177796041.4691358,
  "avg_type":0.5308641975308642,
  "cacheSize":8192,
  "clw":512,
  "failed":true,
  "test":1,
  "testComplexity":2177796797.7530866,
  "timeOut":false,
  "trans":0
}