{
  "avg_addr":893.3333333333334,
  "avg_data":2082159546.6388888,
  "avg_type":0.5138888888888888,
  "cacheSize":16384,
  "clw":256,
  "failed":true,
  "test":1,
  "testComplexity":2082160440.4861112,
  "timeOut":false,
  "trans":1
}