{
  "avg_addr":776.9638554216867,
  "avg_data":2143270428.0963855,
  "avg_type":0.46987951807228917,
  "cacheSize":2048,
  "clw":64,
  "failed":true,
  "test":1,
  "testComplexity":2143271205.5301204,
  "timeOut":false,
  "trans":0
}