{
  "avg_addr":731.8202247191011,
  "avg_data":1606203692.6404495,
  "avg_type":0.3707865168539326,
  "cacheSize":2048,
  "clw":128,
  "failed":true,
  "test":10,
  "testComplexity":1606204424.8314607,
  "timeOut":false,
  "trans":45
}