{
  "avg_addr":837.5652173913044,
  "avg_data":1982159666.0,
  "avg_type":0.391304347826087,
  "cacheSize":4096,
  "clw":64,
  "failed":true,
  "test":1,
  "testComplexity":1982160503.9565217,
  "timeOut":false,
  "trans":1
}