{
  "avg_addr":722.5714285714286,
  "avg_data":2093102511.7380953,
  "avg_type":0.5476190476190477,
  "cacheSize":2048,
  "clw":512,
  "failed":true,
  "test":7,
  "testComplexity":2093103234.857143,
  "timeOut":false,
  "trans":38
}