{
  "avg_addr":829.5522388059702,
  "avg_data":2417406416.19403,
  "avg_type":0.44776119402985076,
  "cacheSize":8192,
  "clw":1024,
  "failed":true,
  "test":1,
  "testComplexity":2417407246.19403,
  "timeOut":false,
  "trans":3
}