{
  "avg_addr":783.604938271605,
  "avg_data":2143861635.654321,
  "avg_type":0.5061728395061729,
  "cacheSize":256,
  "clw":64,
  "failed":true,
  "test":2,
  "testComplexity":2143862419.7654321,
  "timeOut":false,
  "trans":16
}