{
  "avg_addr":791.4444444444445,
  "avg_data":1874887547.6388888,
  "avg_type":0.4722222222222222,
  "cacheSize":4096,
  "clw":64,
  "failed":false,
  "test":100,
  "testComplexity":1874888339.5555556,
  "timeOut":false,
  "trans":36
}