{
  "avg_addr":785.6315789473684,
  "avg_data":2207677877.8157897,
  "avg_type":0.5394736842105263,
  "cacheSize":8192,
  "clw":128,
  "failed":true,
  "test":1,
  "testComplexity":2207678663.986842,
  "timeOut":false,
  "trans":9
}