{
  "avg_addr":844.0,
  "avg_data":2110045442.6818182,
  "avg_type":0.4659090909090909,
  "cacheSize":4096,
  "clw":64,
  "failed":true,
  "test":7,
  "testComplexity":2110046287.1477273,
  "timeOut":false,
  "trans":48
}