{
  "avg_addr":813.0370370370371,
  "avg_data":2154221198.4691358,
  "avg_type":0.5185185185185185,
  "cacheSize":4096,
  "clw":512,
  "failed":true,
  "test":2,
  "testComplexity":2154222012.0246916,
  "timeOut":false,
  "trans":40
}