{
  "avg_addr":789.5625,
  "avg_data":2283566250.796875,
  "avg_type":0.390625,
  "cacheSize":2048,
  "clw":1024,
  "failed":true,
  "test":1,
  "testComplexity":2283567040.75,
  "timeOut":false,
  "trans":1
}