{
  "avg_addr":730.1764705882352,
  "avg_data":1909155167.3382354,
  "avg_type":0.5441176470588235,
  "cacheSize":4096,
  "clw":512,
  "failed":true,
  "test":1,
  "testComplexity":1909155898.0588236,
  "timeOut":false,
  "trans":1
}