{
  "avg_addr":708.0689655172414,
  "avg_data":2231557173.913793,
  "avg_type":0.3793103448275862,
  "cacheSize":1024,
  "clw":512,
  "failed":true,
  "test":1,
  "testComplexity":2231557882.362069,
  "timeOut":false,
  "trans":0
}