{
  "avg_addr":807.1612903225806,
  "avg_data":2050035827.951613,
  "avg_type":0.5645161290322581,
  "cacheSize":32768,
  "clw":1024,
  "failed":true,
  "test":1,
  "testComplexity":2050036635.6774194,
  "timeOut":false,
  "trans":2
}