{
  "avg_addr":538.7692307692307,
  "avg_data":2420711866.230769,
  "avg_type":0.3076923076923077,
  "cacheSize":2048,
  "clw":1024,
  "failed":true,
  "test":2,
  "testComplexity":2420712405.3076925,
  "timeOut":false,
  "trans":5
}