{
  "avg_addr":796.7659574468086,
  "avg_data":2060333029.606383,
  "avg_type":0.5106382978723404,
  "cacheSize":2048,
  "clw":128,
  "failed":true,
  "test":1,
  "testComplexity":2060333826.8829787,
  "timeOut":false,
  "trans":38
}