{
  "avg_addr":773.4949494949495,
  "avg_data":2015199694.6969697,
  "avg_type":0.5050505050505051,
  "cacheSize":4096,
  "clw":64,
  "failed":true,
  "test":1,
  "testComplexity":2015200468.6969697,
  "timeOut":false,
  "trans":0
}