{
  "avg_addr":848.7555555555556,
  "avg_data":2237085816.3444443,
  "avg_type":0.4777777777777778,
  "cacheSize":8192,
  "clw":512,
  "failed":true,
  "test":1,
  "testComplexity":2237086665.577778,
  "timeOut":false,
  "trans":5
}