{
  "avg_addr":1104.3076923076924,
  "avg_data":2525674698.1538463,
  "avg_type":0.38461538461538464,
  "cacheSize":1024,
  "clw":512,
  "failed":false,
  "test":100,
  "testComplexity":2525675802.8461537,
  "timeOut":false,
  "trans":13
}