{
  "avg_addr":770.8705882352941,
  "avg_data":2123231827.4352942,
  "avg_type":0.43529411764705883,
  "cacheSize":512,
  "clw":64,
  "failed":true,
  "test":2,
  "testComplexity":2123232598.7411764,
  "timeOut":false,
  "trans":59
}