{
  "avg_addr":851.7777777777778,
  "avg_data":2264305520.2777777,
  "avg_type":0.5185185185185185,
  "cacheSize":1024,
  "clw":256,
  "failed":false,
  "test":100,
  "testComplexity":2264306372.5740743,
  "timeOut":false,
  "trans":54
}