{
  "avg_addr":883.1044776119403,
  "avg_data":2275482190.119403,
  "avg_type":0.44776119402985076,
  "cacheSize":512,
  "clw":64,
  "failed":true,
  "test":1,
  "testComplexity":2275483073.671642,
  "timeOut":false,
  "trans":2
}