{
  "avg_addr":726.6666666666666,
  "avg_data":1800408341.7777777,
  "avg_type":0.6111111111111112,
  "cacheSize":32768,
  "clw":1024,
  "failed":true,
  "test":1,
  "testComplexity":1800409069.0555556,
  "timeOut":false,
  "trans":2
}