{
  "avg_addr":753.2222222222222,
  "avg_data":2251068696.5555553,
  "avg_type":0.5,
  "cacheSize":4096,
  "clw":512,
  "failed":true,
  "test":1,
  "testComplexity":2251069450.2777777,
  "timeOut":false,
  "trans":7
}