{
  "avg_addr":820.5238095238095,
  "avg_data":2022579198.25,
  "avg_type":0.44047619047619047,
  "cacheSize":2048,
  "clw":128,
  "failed":true,
  "test":1,
  "testComplexity":2022580019.2142856,
  "timeOut":false,
  "trans":1
}