{
  "avg_addr":827.047619047619,
  "avg_data":2020464339.5595238,
  "avg_type":0.5119047619047619,
  "cacheSize":32768,
  "clw":1024,
  "failed":true,
  "test":1,
  "testComplexity":2020465167.1190476,
  "timeOut":false,
  "trans":1
}