{
  "avg_addr":876.695652173913,
  "avg_data":2285018151.0652175,
  "avg_type":0.5760869565217391,
  "cacheSize":16384,
  "clw":512,
  "failed":true,
  "test":2,
  "testComplexity":2285019028.3369565,
  "timeOut":false,
  "trans":26
}