{
  "avg_addr":807.2727272727273,
  "avg_data":2233032583.2727275,
  "avg_type":0.4090909090909091,
  "cacheSize":32768,
  "clw":1024,
  "failed":true,
  "test":1,
  "testComplexity":2233033390.9545455,
  "timeOut":false,
  "trans":3
}