{
  "avg_addr":857.3333333333334,
  "avg_data":2344035479.962963,
  "avg_type":0.5925925925925926,
  "cacheSize":1024,
  "clw":128,
  "failed":true,
  "test":1,
  "testComplexity":2344036337.888889,
  "timeOut":false,
  "trans":1
}