{
  "avg_addr":804.7659574468086,
  "avg_data":2370499596.191489,
  "avg_type":0.48936170212765956,
  "cacheSize":2048,
  "clw":512,
  "failed":false,
  "test":100,
  "testComplexity":2370500401.4468083,
  "timeOut":false,
  "trans":94
}