{
  "avg_addr":800.3692307692307,
  "avg_data":1866730144.7076924,
  "avg_type":0.46153846153846156,
  "cacheSize":2048,
  "clw":128,
  "failed":true,
  "test":1,
  "testComplexity":1866730945.5384614,
  "timeOut":false,
  "trans":1
}