{
  "avg_addr":763.0555555555555,
  "avg_data":2321079135.1805553,
  "avg_type":0.4722222222222222,
  "cacheSize":256,
  "clw":128,
  "failed":true,
  "test":1,
  "testComplexity":2321079898.7083335,
  "timeOut":false,
  "trans":1
}