{
  "avg_addr":971.1111111111111,
  "avg_data":2162550794.2222223,
  "avg_type":0.6666666666666666,
  "cacheSize":256,
  "clw":128,
  "failed":true,
  "test":1,
  "testComplexity":2162551766.0,
  "timeOut":false,
  "trans":0
}