{
  "avg_addr":699.7777777777778,
  "avg_data":2310911438.2222223,
  "avg_type":0.6111111111111112,
  "cacheSize":2048,
  "clw":512,
  "failed":true,
  "test":1,
  "testComplexity":2310912138.611111,
  "timeOut":false,
  "trans":0
}