{
  "avg_addr":869.44,
  "avg_data":2045593970.36,
  "avg_type":0.5466666666666666,
  "cacheSize":2048,
  "clw":1024,
  "failed":true,
  "test":2,
  "testComplexity":2045594840.3466666,
  "timeOut":false,
  "trans":28
}