{
  "avg_addr":974.2857142857143,
  "avg_data":2507256309.285714,
  "avg_type":0.7142857142857143,
  "cacheSize":8192,
  "clw":512,
  "failed":true,
  "test":1,
  "testComplexity":2507257284.285714,
  "timeOut":false,
  "trans":1
}