{
  "avg_addr":798.716049382716,
  "avg_data":2043310905.4320989,
  "avg_type":0.4567901234567901,
  "cacheSize":128,
  "clw":64,
  "failed":false,
  "test":100,
  "testComplexity":2043311704.6049383,
  "timeOut":false,
  "trans":81
}