{
  "avg_addr":793.5890410958904,
  "avg_data":2196910730.4383564,
  "avg_type":0.4931506849315068,
  "cacheSize":65536,
  "clw":1024,
  "failed":false,
  "test":100,
  "testComplexity":2196911524.520548,
  "timeOut":false,
  "trans":73
}