{
  "avg_addr":657.3333333333334,
  "avg_data":1437258339.3333333,
  "avg_type":0.0,
  "cacheSize":2048,
  "clw":512,
  "failed":false,
  "test":100,
  "testComplexity":1437258996.6666667,
  "timeOut":false,
  "trans":3
}