{
  "avg_addr":753.0337078651686,
  "avg_data":2231610160.3932586,
  "avg_type":0.5056179775280899,
  "cacheSize":8192,
  "clw":1024,
  "failed":true,
  "test":1,
  "testComplexity":2231610913.9325843,
  "timeOut":false,
  "trans":7
}