{
  "avg_addr":868.3225806451613,
  "avg_data":2175451092.032258,
  "avg_type":0.5161290322580645,
  "cacheSize":2048,
  "clw":512,
  "failed":true,
  "test":4,
  "testComplexity":2175451960.870968,
  "timeOut":false,
  "trans":56
}