{
  "avg_addr":894.2727272727273,
  "avg_data":2046840911.340909,
  "avg_type":0.4090909090909091,
  "cacheSize":8192,
  "clw":128,
  "failed":true,
  "test":1,
  "testComplexity":2046841806.0227273,
  "timeOut":false,
  "trans":0
}