{
  "avg_addr":806.1176470588235,
  "avg_data":2234895062.117647,
  "avg_type":0.5882352941176471,
  "cacheSize":4096,
  "clw":1024,
  "failed":false,
  "test":100,
  "testComplexity":2234895868.8235292,
  "timeOut":false,
  "trans":17
}