{
  "avg_addr":800.1632653061224,
  "avg_data":2275184760.122449,
  "avg_type":0.4489795918367347,
  "cacheSize":32768,
  "clw":512,
  "failed":true,
  "test":1,
  "testComplexity":2275185560.734694,
  "timeOut":false,
  "trans":0
}